"Txhash","Blockno","UnixTimestamp","DateTime","From","To","Quantity","Method"
"0x40aba3ae6b33e1f8e5e84db14acb0a5046b9481e93676ed8df70553a811b985d","11077798","1602996010","2020-10-18 04:40:10","0x4ddc2d193948926d02f9b1fe9e1daa0718270ed5","0x99fd1378ca799ed6772fe7bcdc9b30b389518962","12,733.07852481","Mint"
"0xb9b1d15ee5db13fceb15129744d32dbc6b0705c1ad3e9d6e02ed2b910437cfd9","11189791","1604480961","2020-11-04 09:09:21","0x4ddc2d193948926d02f9b1fe9e1daa0718270ed5","0x99fd1378ca799ed6772fe7bcdc9b30b389518962","252,146.55139725","Mint"
"0xc1b5f48391e5c8e49a4580e0720300f3d2f534ea0c21d649ef30d145343062f2","11208905","1604733339","2020-11-07 07:15:39","0x4ddc2d193948926d02f9b1fe9e1daa0718270ed5","0x99fd1378ca799ed6772fe7bcdc9b30b389518962","27,461.15961153","Mint"
"0x7b9b08961d1df0c7fedf53fb5e2c916b8cdd13e07bdbe77e1fb8667166c75c04","11217469","1604848135","2020-11-08 15:08:55","0x4ddc2d193948926d02f9b1fe9e1daa0718270ed5","0x99fd1378ca799ed6772fe7bcdc9b30b389518962","12,482.29039583","Mint"
"0x1c265b46f6049a7fa2e66449e6f2a8bc82976a26d3e5ef2c5ffdbcd11932cf95","11234619","1605075283","2020-11-11 06:14:43","0x4ddc2d193948926d02f9b1fe9e1daa0718270ed5","0x99fd1378ca799ed6772fe7bcdc9b30b389518962","27,460.80974722","Mint"
"0x2b2f087e713309c570ef14a455eb988d4237e436725a03491eea2da5a230ab11","11256986","1605372435","2020-11-14 16:47:15","0x4ddc2d193948926d02f9b1fe9e1daa0718270ed5","0x99fd1378ca799ed6772fe7bcdc9b30b389518962","34,949.7374896","Mint"
"0x8f21103a5441ca1999dfe37cff26fa84c5a64041c0e49c37a27d9a85c53dea05","11311928","1606100383","2020-11-23 02:59:43","0x4ddc2d193948926d02f9b1fe9e1daa0718270ed5","0x99fd1378ca799ed6772fe7bcdc9b30b389518962","56,417.64530918","Mint"
"0x89035f62dfbd2b603102217cd6fae9174c487162161abcaf40c2e59e8ae012cd","11344674","1606535298","2020-11-28 03:48:18","0x4ddc2d193948926d02f9b1fe9e1daa0718270ed5","0x99fd1378ca799ed6772fe7bcdc9b30b389518962","189,721.40010503","Mint"
"0xb9cd6f4addf93fda03cab5f68cd30e2595295d8d9d54c902a06d6ee06c6a35b6","11365806","1606815060","2020-12-01 09:31:00","0x4ddc2d193948926d02f9b1fe9e1daa0718270ed5","0x99fd1378ca799ed6772fe7bcdc9b30b389518962","40,515.94722915","Mint"
"0x44181348eadda1dede1812145f507a13c67a76651066d979ea94663c5964634f","11370227","1606873487","2020-12-02 01:44:47","0x99fd1378ca799ed6772fe7bcdc9b30b389518962","0x4ddc2d193948926d02f9b1fe9e1daa0718270ed5","154,771.67954215","Redeem Underlying"
"0x624b45fa83aa2506e5accac1f6708c702159b826ef08e189ae7f128a5077e5aa","11381896","1607028156","2020-12-03 20:42:36","0x99fd1378ca799ed6772fe7bcdc9b30b389518962","0x4ddc2d193948926d02f9b1fe9e1daa0718270ed5","32,302.25046644","Redeem Underlying"
"0x48a4fce79858325ed63ddf0a60f669c7d18fa2fecda62a8ee300142387725337","11416246","1607484621","2020-12-09 03:30:21","0x4ddc2d193948926d02f9b1fe9e1daa0718270ed5","0x99fd1378ca799ed6772fe7bcdc9b30b389518962","36,395.88276982","Mint"
"0x5ad638a53e83eb4eca952e35d46c05a0a0738de26fee3680c60f269ae67c36ec","11522099","1608890090","2020-12-25 09:54:50","0x4ddc2d193948926d02f9b1fe9e1daa0718270ed5","0x99fd1378ca799ed6772fe7bcdc9b30b389518962","7,882.11585592","Mint"
"0xbe64bf1c6f983dba000135d167e20da36ee43d39429d35a9c60b584328c1a70e","11527418","1608960866","2020-12-26 05:34:26","0x4ddc2d193948926d02f9b1fe9e1daa0718270ed5","0x99fd1378ca799ed6772fe7bcdc9b30b389518962","21,311.91642941","Mint"
"0x4bc7cb73bb3ae587368a40a525079d2440065175f5b3ea99413a0f6e94c90a1b","11530484","1609000865","2020-12-26 16:41:05","0x99fd1378ca799ed6772fe7bcdc9b30b389518962","0x4ddc2d193948926d02f9b1fe9e1daa0718270ed5","3,569.35310805","Redeem Underlying"
"0x18f3e459dfd8ef09f46ebd991a1aa0186b9af4d0a7acc79863004a4c46bb33dc","11544843","1609190187","2020-12-28 21:16:27","0x4ddc2d193948926d02f9b1fe9e1daa0718270ed5","0x99fd1378ca799ed6772fe7bcdc9b30b389518962","71,590.20935589","Mint"
"0x60b59e16168d9cfba3cfd0e83e9bb80e1a9ea1d243da974a160dfb0e459ffe8e","11570647","1609533262","2021-01-01 20:34:22","0x4ddc2d193948926d02f9b1fe9e1daa0718270ed5","0x99fd1378ca799ed6772fe7bcdc9b30b389518962","25,169.54242947","Mint"
"0x88dd6aca9855b28c55612833738dd3f56cdbffd5d5338319b5d0fefd6d271cb9","11609091","1610042744","2021-01-07 18:05:44","0x99fd1378ca799ed6772fe7bcdc9b30b389518962","0x4ddc2d193948926d02f9b1fe9e1daa0718270ed5","625,595.00353347","Redeem"
"0x088260d77497f979066415069e9f59866fe5afc21ab500aac0c345a2188a21bf","11696538","1611201447","2021-01-21 03:57:27","0x4ddc2d193948926d02f9b1fe9e1daa0718270ed5","0x99fd1378ca799ed6772fe7bcdc9b30b389518962","313,533.70644784","Mint"
"0x38f37235f64ddcdd6c83bcd9817af45fcd58a5a57e0e64b9c8dffc571b4b2f7e","11696584","1611202124","2021-01-21 04:08:44","0x99fd1378ca799ed6772fe7bcdc9b30b389518962","0x4ddc2d193948926d02f9b1fe9e1daa0718270ed5","313,533.70644784","Redeem"
"0x86f00420ee37fb02324ccdec866d83faf4786abedb0cbe09e3915a3be4287b18","11706364","1611332874","2021-01-22 16:27:54","0x4ddc2d193948926d02f9b1fe9e1daa0718270ed5","0x99fd1378ca799ed6772fe7bcdc9b30b389518962","147,560.18290481","Mint"
"0xc4bf3600841764fb8d0886b826b1b8d63b83489911996b6e0ff4bb107b985665","11712109","1611408485","2021-01-23 13:28:05","0x4ddc2d193948926d02f9b1fe9e1daa0718270ed5","0x99fd1378ca799ed6772fe7bcdc9b30b389518962","172,245.83271473","Mint"
"0xacdaa76ab45a5ab3f81ee03c6d970f9a6bd24599d3cf0136645e9473d4426189","11725096","1611580736","2021-01-25 13:18:56","0x99fd1378ca799ed6772fe7bcdc9b30b389518962","0x4ddc2d193948926d02f9b1fe9e1daa0718270ed5","175,040.73719092","Redeem Underlying"
"0x3fb6a60ff5135c25d630d5a0119fac33772e68caeae590ec35bc7a7de89f2ac7","11729284","1611636533","2021-01-26 04:48:53","0x4ddc2d193948926d02f9b1fe9e1daa0718270ed5","0x99fd1378ca799ed6772fe7bcdc9b30b389518962","103,823.98021409","Mint"
"0x012f843a68057aa8b349c457a8afc89a71c7caf256eb3b212a6e97800f38572a","11737257","1611742978","2021-01-27 10:22:58","0x4ddc2d193948926d02f9b1fe9e1daa0718270ed5","0x99fd1378ca799ed6772fe7bcdc9b30b389518962","103,118.62280175","Mint"
"0x965fba86dc200c3d4a3196accce05851a3f5a44d5dac086a62ea8a7ea268de4b","11754411","1611970851","2021-01-30 01:40:51","0x99fd1378ca799ed6772fe7bcdc9b30b389518962","0x4ddc2d193948926d02f9b1fe9e1daa0718270ed5","251,871.46181948","Redeem Underlying"
"0x0fa977057071d3fbc4fac314c2e0631db7a37139c2c8631c7f22a173e50b9381","11770537","1612185510","2021-02-01 13:18:30","0x4ddc2d193948926d02f9b1fe9e1daa0718270ed5","0x99fd1378ca799ed6772fe7bcdc9b30b389518962","1,029,704.08777803","Mint"
"0xab745ef6aa3b6211870ec433c5791e9118e2047f0ee95dd2a19fa5ed9dfe8214","11771889","1612203271","2021-02-01 18:14:31","0x99fd1378ca799ed6772fe7bcdc9b30b389518962","0x4ddc2d193948926d02f9b1fe9e1daa0718270ed5","174,712.14906903","Redeem Underlying"
"0x4ce6be4423314227d30d4d3c32cd6b381268df9e4353f31e1cd2dbe77448060f","11789150","1612433317","2021-02-04 10:08:37","0x99fd1378ca799ed6772fe7bcdc9b30b389518962","0x4ddc2d193948926d02f9b1fe9e1daa0718270ed5","438,979.64109141","Redeem Underlying"
"0x234ba280aa478ea855c880de915ae8dbe0ad716127ce5745a9c014420cc36e0f","11797615","1612545762","2021-02-05 17:22:42","0x4ddc2d193948926d02f9b1fe9e1daa0718270ed5","0x99fd1378ca799ed6772fe7bcdc9b30b389518962","760,675.19876357","Mint"
"0x83fcec25c8c1e8585694a9c51d9697a24366db3e0dcf9d7fee587203d535d09d","11801742","1612600937","2021-02-06 08:42:17","0x99fd1378ca799ed6772fe7bcdc9b30b389518962","0x4ddc2d193948926d02f9b1fe9e1daa0718270ed5","179,950.96105962","Redeem Underlying"
"0x7667f1906d9a39bf4296e9550fb931e02d9effdbecdd6f0e39c993e55d001c18","11807677","1612679184","2021-02-07 06:26:24","0x99fd1378ca799ed6772fe7bcdc9b30b389518962","0x4ddc2d193948926d02f9b1fe9e1daa0718270ed5","648,943.16684778","Redeem Underlying"
"0xa43bc58264be25a9035961f955ee9ad195cacee494835e6f2d3f67dd56e6f35f","11809818","1612707901","2021-02-07 14:25:01","0x4ddc2d193948926d02f9b1fe9e1daa0718270ed5","0x99fd1378ca799ed6772fe7bcdc9b30b389518962","51,664.23314377","Mint"
"0xf84a35747839a1d691462caa8f1c6608569e1f4d73d8368470d602889f541641","11809838","1612708118","2021-02-07 14:28:38","0x4ddc2d193948926d02f9b1fe9e1daa0718270ed5","0x99fd1378ca799ed6772fe7bcdc9b30b389518962","258,357.66757407","Mint"
"0xdc3b80fb107fded6f770a959049c2649f562a933f14e74d2da7aa7024b97d76d","11816481","1612796341","2021-02-08 14:59:01","0x99fd1378ca799ed6772fe7bcdc9b30b389518962","0x4ddc2d193948926d02f9b1fe9e1daa0718270ed5","458,151.98548341","Redeem Underlying"
"0x2aff5f99ea480fd500eb1b68c804c49038df3885508b603615b0c0500b6e3b80","11820338","1612848437","2021-02-09 05:27:17","0x99fd1378ca799ed6772fe7bcdc9b30b389518962","0x4ddc2d193948926d02f9b1fe9e1daa0718270ed5","299,499.70333317","Redeem"
"0xe114204090da59413cdcfbc41516262006c888b967395be5defc8bd046d365dd","11873391","1613552354","2021-02-17 08:59:14","0x4ddc2d193948926d02f9b1fe9e1daa0718270ed5","0x99fd1378ca799ed6772fe7bcdc9b30b389518962","836,672.92347747","Mint"
"0x6bb9bbe787f54d8128991583c617edabf8a86c134da1bedb3599354be9e515b0","11876675","1613595450","2021-02-17 20:57:30","0x99fd1378ca799ed6772fe7bcdc9b30b389518962","0x4ddc2d193948926d02f9b1fe9e1daa0718270ed5","836,672.92347747","Redeem"
"0x69858ec28930a15dced39144ebb17090c930e4687045c07114d7836bcf0a8984","12244014","1618481304","2021-04-15 10:08:24","0x4ddc2d193948926d02f9b1fe9e1daa0718270ed5","0x99fd1378ca799ed6772fe7bcdc9b30b389518962","20,611.39747773","Mint"
"0x497e97f180e8dbe3d037248c074bf1c7d28ec818e2ea7b63ab8263d1e897f7b1","12249627","1618557080","2021-04-16 07:11:20","0x4ddc2d193948926d02f9b1fe9e1daa0718270ed5","0x99fd1378ca799ed6772fe7bcdc9b30b389518962","17,378.83945407","Mint"
"0x15aee40bdf5830006939287456e97935c736dce1b33d8e3fae7338aa64288af4","12255109","1618629279","2021-04-17 03:14:39","0x4ddc2d193948926d02f9b1fe9e1daa0718270ed5","0x99fd1378ca799ed6772fe7bcdc9b30b389518962","23,047.96591343","Mint"
"0xa75f3265f2663a86053390206e7ea833bf490b90b2dfdb146a4edfc00923de33","12255142","1618629628","2021-04-17 03:20:28","0x4ddc2d193948926d02f9b1fe9e1daa0718270ed5","0x99fd1378ca799ed6772fe7bcdc9b30b389518962","3,991.89765495","Mint"
"0x886a47f24254e254d6217bca06f7b890f80ac493f51bfdf4eb5cfa51241c3443","12281331","1618978087","2021-04-21 04:08:07","0x4ddc2d193948926d02f9b1fe9e1daa0718270ed5","0x99fd1378ca799ed6772fe7bcdc9b30b389518962","24,051.09844674","Mint"
"0xeb0f159c0d5225671d3feabe509627b8e60a02eba4a1c6ffb2b5bbbb229f7c4c","12289823","1619092241","2021-04-22 11:50:41","0x4ddc2d193948926d02f9b1fe9e1daa0718270ed5","0x99fd1378ca799ed6772fe7bcdc9b30b389518962","190,144.55689364","Mint"
"0x83a0b464e0de5d8aa646afebca36808adfa5c5ef041664c39efeeb35f8f4fcc5","12293930","1619147024","2021-04-23 03:03:44","0x4ddc2d193948926d02f9b1fe9e1daa0718270ed5","0x99fd1378ca799ed6772fe7bcdc9b30b389518962","388,764.96649099","Mint"
"0x3e6ed2e8be67035fcc63e2488425bd3a2d7d156ad40adebe2e43dfe3ba54e3e6","12314302","1619418394","2021-04-26 06:26:34","0x4ddc2d193948926d02f9b1fe9e1daa0718270ed5","0x99fd1378ca799ed6772fe7bcdc9b30b389518962","13,996.76376977","Mint"
"0x901891c8e7235a44fdeaf31232555ca9ab7d5b8b2dfa0122547545f90791bd9e","12327372","1619592394","2021-04-28 06:46:34","0x99fd1378ca799ed6772fe7bcdc9b30b389518962","0x4ddc2d193948926d02f9b1fe9e1daa0718270ed5","22,453.46733789","Redeem Underlying"
"0x654fd17887ee52f23c42e1176627dca9ceafb13785efc8d41961eb656f92da15","12335284","1619698404","2021-04-29 12:13:24","0x99fd1378ca799ed6772fe7bcdc9b30b389518962","0x4ddc2d193948926d02f9b1fe9e1daa0718270ed5","42,411.92865148","Redeem Underlying"
"0x5f7aa6cfcd3ac843f822523b5d5c6a0c07012bd6141268578fcac1d42fac4440","12335320","1619698993","2021-04-29 12:23:13","0x4ddc2d193948926d02f9b1fe9e1daa0718270ed5","0x99fd1378ca799ed6772fe7bcdc9b30b389518962","64,960.25548197","Mint"
"0x856f75c6fc3b41c0c6d441401eb1262e877ca2d4f6901d4dcdb6f6fef79441f3","12339371","1619752367","2021-04-30 03:12:47","0x99fd1378ca799ed6772fe7bcdc9b30b389518962","0x4ddc2d193948926d02f9b1fe9e1daa0718270ed5","52,391.09789085","Redeem Underlying"
"0x200ab110030898e127dd6dac9648a37075c342538a97b8a0841f46b4f7ec6521","12339447","1619753498","2021-04-30 03:31:38","0x4ddc2d193948926d02f9b1fe9e1daa0718270ed5","0x99fd1378ca799ed6772fe7bcdc9b30b389518962","52,892.48999525","Mint"
"0xe7b9c572ade0035966083470b746336accb69b4aa2ea1d4ed7f04de7e9e415d9","12348437","1619873992","2021-05-01 12:59:52","0x99fd1378ca799ed6772fe7bcdc9b30b389518962","0x4ddc2d193948926d02f9b1fe9e1daa0718270ed5","49,896.07798366","Redeem Underlying"
"0x44f82329ec4285505f16a10ffaa1a6c6ea069f1c9898849145e1ca289fa075db","12367874","1620132889","2021-05-04 12:54:49","0x4ddc2d193948926d02f9b1fe9e1daa0718270ed5","0x99fd1378ca799ed6772fe7bcdc9b30b389518962","25,491.47886595","Mint"
"0x837e0fe2d9f0c4e849a565fb583744c6f2cc71ddc2f08b477c19d7e6e3e21f2d","12380682","1620303354","2021-05-06 12:15:54","0x4ddc2d193948926d02f9b1fe9e1daa0718270ed5","0x99fd1378ca799ed6772fe7bcdc9b30b389518962","19,958.13180002","Mint"
"0x52dbf51ec71c8a830de283224a82011f751e8d4f5c1cefc3912569ccd4ca85b4","12383070","1620335076","2021-05-06 21:04:36","0x4ddc2d193948926d02f9b1fe9e1daa0718270ed5","0x99fd1378ca799ed6772fe7bcdc9b30b389518962","34,926.69252296","Mint"
"0xee21259c8c2052240f0378a0dff00ad8002d2edd3a85cff7547ee52b8a5116ed","12384891","1620359770","2021-05-07 03:56:10","0x4ddc2d193948926d02f9b1fe9e1daa0718270ed5","0x99fd1378ca799ed6772fe7bcdc9b30b389518962","91,308.28057353","Mint"
"0x40df03e717c0459df25a417920b34920c935570b305a68ffab4e51f960677f25","12393097","1620469438","2021-05-08 10:23:58","0x4ddc2d193948926d02f9b1fe9e1daa0718270ed5","0x99fd1378ca799ed6772fe7bcdc9b30b389518962","43,971.0347813","Mint"
"0x2ff677e9fed5e7e60243f594e1cbd35c2bead7a9142c7cce693017b14e19a5bf","12405290","1620631445","2021-05-10 07:24:05","0x4ddc2d193948926d02f9b1fe9e1daa0718270ed5","0x99fd1378ca799ed6772fe7bcdc9b30b389518962","23,510.65412802","Mint"
"0x728b0135a6f27179740e305d1f9c97367cb4da4e9bfe9a498e51fe11eebdfa52","12408931","1620679834","2021-05-10 20:50:34","0x4ddc2d193948926d02f9b1fe9e1daa0718270ed5","0x99fd1378ca799ed6772fe7bcdc9b30b389518962","225,274.63866619","Mint"
"0x5036b0ec000a7b5a7fd93120450dc4b10b695581baf6dc55ba373869313735f7","12439441","1621088248","2021-05-15 14:17:28","0x4ddc2d193948926d02f9b1fe9e1daa0718270ed5","0x99fd1378ca799ed6772fe7bcdc9b30b389518962","53,137.18802267","Mint"
"0x595073c26005a5f7dbcf0659bf001bf4d51fdf338b19c05b181086754890b43b","12449832","1621226437","2021-05-17 04:40:37","0x4ddc2d193948926d02f9b1fe9e1daa0718270ed5","0x99fd1378ca799ed6772fe7bcdc9b30b389518962","169,699.89162737","Mint"
"0x92801ca8a8e9b712d97e650901a4121778ac77d8708c676d90992610d476d047","12458299","1621339827","2021-05-18 12:10:27","0x4ddc2d193948926d02f9b1fe9e1daa0718270ed5","0x99fd1378ca799ed6772fe7bcdc9b30b389518962","3,767.21140567","Mint"
"0xc871592be059ae6776074cead6aeb959d34b2fd0f9511f79a5d1dca0c196bd71","12459086","1621350056","2021-05-18 15:00:56","0x4ddc2d193948926d02f9b1fe9e1daa0718270ed5","0x99fd1378ca799ed6772fe7bcdc9b30b389518962","75,134.70944625","Mint"
"0x24321d7366b199e11a56064a9dd00893e7732b82a338fcfb477cb5e1e9c69558","12459176","1621351592","2021-05-18 15:26:32","0x4ddc2d193948926d02f9b1fe9e1daa0718270ed5","0x99fd1378ca799ed6772fe7bcdc9b30b389518962","101,645.59563293","Mint"
"0xfd88d45d9b6fc81dba65f7ac452326036e2a1861ab87c74ba3af19be00070a19","12464677","1621425531","2021-05-19 11:58:51","0x4ddc2d193948926d02f9b1fe9e1daa0718270ed5","0x99fd1378ca799ed6772fe7bcdc9b30b389518962","405,907.9459471","Mint"
"0x89493e763e0f09f735c05b9b19719c503e3a7e4ef5bac01a8a35a4cbf0341387","12470329","1621501090","2021-05-20 08:58:10","0x99fd1378ca799ed6772fe7bcdc9b30b389518962","0x4ddc2d193948926d02f9b1fe9e1daa0718270ed5","74,840.2151733","Redeem Underlying"
"0x6d40881b60cdfc8bfc6ce93e615499592b58ff215c0be8a845d4044bc826ac9e","12475844","1621575112","2021-05-21 05:31:52","0x99fd1378ca799ed6772fe7bcdc9b30b389518962","0x4ddc2d193948926d02f9b1fe9e1daa0718270ed5","49,893.38601011","Redeem Underlying"
"0x73fd8e02b38d41e174686b8fc8e46d141cc44549250fda914675c59dd3d2ee2a","12477633","1621599473","2021-05-21 12:17:53","0x99fd1378ca799ed6772fe7bcdc9b30b389518962","0x4ddc2d193948926d02f9b1fe9e1daa0718270ed5","74,840.03518542","Redeem Underlying"
"0x9f214b786dc04b50c5ff4ed3ef7a7908feaa89c39e3dd6bed6c96eee588e1305","12489859","1621763551","2021-05-23 09:52:31","0x99fd1378ca799ed6772fe7bcdc9b30b389518962","0x4ddc2d193948926d02f9b1fe9e1daa0718270ed5","32,430.54469172","Redeem Underlying"
"0x598889efaefa3825e3f05576ede68bd339e35aba391486c43d5e57cfe3328aa8","12494414","1621824075","2021-05-24 02:41:15","0x99fd1378ca799ed6772fe7bcdc9b30b389518962","0x4ddc2d193948926d02f9b1fe9e1daa0718270ed5","30,185.29273905","Redeem Underlying"
"0x5923374a85774d79dcfe840885c12812a80890c4ed787a3d8d3972deabfcf8f4","12517113","1622128634","2021-05-27 15:17:14","0x4ddc2d193948926d02f9b1fe9e1daa0718270ed5","0x99fd1378ca799ed6772fe7bcdc9b30b389518962","21,902.86020478","Mint"
"0xfd7dd2f9c90989b2a53f4ca4241a358dcd799bafba4dd59965301f1e43b1cf83","12531825","1622325606","2021-05-29 22:00:06","0x4ddc2d193948926d02f9b1fe9e1daa0718270ed5","0x99fd1378ca799ed6772fe7bcdc9b30b389518962","75,532.87859211","Mint"
"0x8b12ea90f107ba028e238a5312420ae74f8ac12d32a93ed0a02a73355e195f38","12545850","1622513513","2021-06-01 02:11:53","0x4ddc2d193948926d02f9b1fe9e1daa0718270ed5","0x99fd1378ca799ed6772fe7bcdc9b30b389518962","74,838.04445593","Mint"
"0xfa5f57b66b24a043f9da2c0ca4ab58f9f146647178f40b87d86e9ddaac1a9358","12552739","1622606327","2021-06-02 03:58:47","0x4ddc2d193948926d02f9b1fe9e1daa0718270ed5","0x99fd1378ca799ed6772fe7bcdc9b30b389518962","12,601.79298622","Mint"
"0x08f451ba36f6b0a713129b210bab1e58e382106a222cf84ec2e7d711860018d8","12574549","1622897554","2021-06-05 12:52:34","0x4ddc2d193948926d02f9b1fe9e1daa0718270ed5","0x99fd1378ca799ed6772fe7bcdc9b30b389518962","36,906.8214919","Mint"
"0x61d033ca96da29cac647c5277f57d3f026a49a0e6030ed393232ad27f4b3349b","12586133","1623051746","2021-06-07 07:42:26","0x4ddc2d193948926d02f9b1fe9e1daa0718270ed5","0x99fd1378ca799ed6772fe7bcdc9b30b389518962","43,155.75514493","Mint"
"0xcfbfeda14038aa8863f60d2a42e2280c8950ffc794adc75c11c33924a94754ac","12604546","1623298641","2021-06-10 04:17:21","0x4ddc2d193948926d02f9b1fe9e1daa0718270ed5","0x99fd1378ca799ed6772fe7bcdc9b30b389518962","24,945.28426395","Mint"
"0x604e2799845f5a4ad261bb431cc8db6732f855a2f358a599dd08dd66f39ce4d5","12612909","1623409920","2021-06-11 11:12:00","0x4ddc2d193948926d02f9b1fe9e1daa0718270ed5","0x99fd1378ca799ed6772fe7bcdc9b30b389518962","997.8067787","Mint"
"0x9bea6fec44dd0eae632983a18a0367bcbabe0b195f5c3da59d3ac50a8ae255e3","12631856","1623663810","2021-06-14 09:43:30","0x4ddc2d193948926d02f9b1fe9e1daa0718270ed5","0x99fd1378ca799ed6772fe7bcdc9b30b389518962","498.89739598","Mint"
"0xbd16fcdcd02deefffb5945f63ecfc7edb80b6bc845615cbd41d59d9735956b0f","12643738","1623822589","2021-06-16 05:49:49","0x4ddc2d193948926d02f9b1fe9e1daa0718270ed5","0x99fd1378ca799ed6772fe7bcdc9b30b389518962","5,787.17026161","Mint"
"0x6f82af7b47ea00742dd8136a8211a12b338f7022ec70d033912f5ec2f3420fd8","12649425","1623899280","2021-06-17 03:08:00","0x99fd1378ca799ed6772fe7bcdc9b30b389518962","0x4ddc2d193948926d02f9b1fe9e1daa0718270ed5","39,911.37909528","Redeem Underlying"
"0x26f67bff9d69889bacbff8972a23352417b95fcc21a0d335ddce6fa1dcc9ac51","12655826","1623984075","2021-06-18 02:41:15","0x99fd1378ca799ed6772fe7bcdc9b30b389518962","0x4ddc2d193948926d02f9b1fe9e1daa0718270ed5","39,911.15086527","Redeem Underlying"
"0x4bf1fe08289aaffea8e8584f33f09b7b86f0878f23fc236fc72f3b1b29bc75c0","12660372","1624045264","2021-06-18 19:41:04","0x4ddc2d193948926d02f9b1fe9e1daa0718270ed5","0x99fd1378ca799ed6772fe7bcdc9b30b389518962","25,942.13454123","Mint"
"0x681c7cb2c31e54002feced2045de97a2c6311a8d5912074d277fb1f651b0ec4e","12684293","1624368493","2021-06-22 13:28:13","0x99fd1378ca799ed6772fe7bcdc9b30b389518962","0x4ddc2d193948926d02f9b1fe9e1daa0718270ed5","49,887.88352202","Redeem Underlying"
"0x3c5a086fb8d8558c657656dcb7fc4ad95ba16e041b05fc1f34681e86d0890109","12684377","1624369712","2021-06-22 13:48:32","0x99fd1378ca799ed6772fe7bcdc9b30b389518962","0x4ddc2d193948926d02f9b1fe9e1daa0718270ed5","6,934.41544039","Redeem Underlying"
"0x5f17fd20794f55f0afa6255860b2f23d8f478783bba0de0bd22851a17e48d406","12703144","1624622366","2021-06-25 11:59:26","0x4ddc2d193948926d02f9b1fe9e1daa0718270ed5","0x99fd1378ca799ed6772fe7bcdc9b30b389518962","38,912.0685191","Mint"
"0x243f33eeaeb33aace522bff2244389e34295157d9a3341ac203db476ce5ea078","12704113","1624635886","2021-06-25 15:44:46","0x99fd1378ca799ed6772fe7bcdc9b30b389518962","0x4ddc2d193948926d02f9b1fe9e1daa0718270ed5","39,909.78831518","Redeem Underlying"
"0x513f7e3f41b18c62eca0ee6b25c2e4d11750c3c780d44d36c48770ad5513f38d","12739581","1625112648","2021-07-01 04:10:48","0x4ddc2d193948926d02f9b1fe9e1daa0718270ed5","0x99fd1378ca799ed6772fe7bcdc9b30b389518962","24,942.97105048","Mint"
"0xa835900585050865ef955b6b8585a58db77a208c51ff4e75eaf0748a36de167b","12752904","1625292061","2021-07-03 06:01:01","0x4ddc2d193948926d02f9b1fe9e1daa0718270ed5","0x99fd1378ca799ed6772fe7bcdc9b30b389518962","14,965.6413241","Mint"
"0x22fe5153d293b059ee8b9dece485cbdb272000f7dd5c5f09caf5f2d24ea4c7c9","12780357","1625661841","2021-07-07 12:44:01","0x4ddc2d193948926d02f9b1fe9e1daa0718270ed5","0x99fd1378ca799ed6772fe7bcdc9b30b389518962","26,438.78896302","Mint"
"0xd5471b7082d5d10b19613bfbc3cba48aa0ab13488758be138459c45b27e26c6f","12784441","1625716413","2021-07-08 03:53:33","0x99fd1378ca799ed6772fe7bcdc9b30b389518962","0x4ddc2d193948926d02f9b1fe9e1daa0718270ed5","199,537.46624651","Redeem Underlying"
"0xe3ea49f9d36bd8f484ed901a7da5c3e57eed869be893a842228b0fb9a548c2d4","12810186","1626062547","2021-07-12 04:02:27","0x4ddc2d193948926d02f9b1fe9e1daa0718270ed5","0x99fd1378ca799ed6772fe7bcdc9b30b389518962","124,708.4294855","Mint"
"0x9fc03b909ca00415e475d94f10c8d941a0ebff714f5fe94b4a6cc36f56c6e8f5","12816604","1626149397","2021-07-13 04:09:57","0x99fd1378ca799ed6772fe7bcdc9b30b389518962","0x4ddc2d193948926d02f9b1fe9e1daa0718270ed5","124,707.68899903","Redeem Underlying"
"0x997bf1b9bfabfa4bccbed6b52fe262feea04f336509d69af8199765fb4ae7bde","12836793","1626423307","2021-07-16 08:15:07","0x4ddc2d193948926d02f9b1fe9e1daa0718270ed5","0x99fd1378ca799ed6772fe7bcdc9b30b389518962","23,195.15592076","Mint"
"0x11025b219c81c7ced164891c38f56d681807920dd4121a850fda4737dfa445e1","12854809","1626667917","2021-07-19 04:11:57","0x99fd1378ca799ed6772fe7bcdc9b30b389518962","0x4ddc2d193948926d02f9b1fe9e1daa0718270ed5","169,595.86349986","Redeem Underlying"
"0xf0d4050ef9fd1fd45d03e652e5f83304706078bfb752eb53b265a2bb2ff338c4","12861132","1626753046","2021-07-20 03:50:46","0x99fd1378ca799ed6772fe7bcdc9b30b389518962","0x4ddc2d193948926d02f9b1fe9e1daa0718270ed5","199,523.25484817","Redeem Underlying"
"0x7bde7feced657755d16f99313a26deec22ebc7c93108be1f25b78c9cb7ae1f57","12871682","1626895923","2021-07-21 19:32:03","0x99fd1378ca799ed6772fe7bcdc9b30b389518962","0x4ddc2d193948926d02f9b1fe9e1daa0718270ed5","349,161.64477182","Redeem Underlying"
"0x991a0f7ab684e8794521b4499ecd0d1c3cc906a4e90ce76321a9f1509918ffdc","12876754","1626964198","2021-07-22 14:29:58","0x99fd1378ca799ed6772fe7bcdc9b30b389518962","0x4ddc2d193948926d02f9b1fe9e1daa0718270ed5","99,759.97116749","Redeem Underlying"
"0xe69863a5a75a14974a5ed775478d14089977905941786726f2dd2b05c5b48777","12876782","1626964518","2021-07-22 14:35:18","0x4ddc2d193948926d02f9b1fe9e1daa0718270ed5","0x99fd1378ca799ed6772fe7bcdc9b30b389518962","13,966.39552698","Mint"
"0x10f8139082c3d6e1dbc5dec46384c3138374be9e9a5002ec6cdde8ff75e8bf4b","12882154","1627036511","2021-07-23 10:35:11","0x4ddc2d193948926d02f9b1fe9e1daa0718270ed5","0x99fd1378ca799ed6772fe7bcdc9b30b389518962","20,101.51577775","Mint"
"0xc5f0e9bd75adf51187ecf5256dc4d8c2fde0726f19cce400a9db5a78e17a8043","12895209","1627213288","2021-07-25 11:41:28","0x4ddc2d193948926d02f9b1fe9e1daa0718270ed5","0x99fd1378ca799ed6772fe7bcdc9b30b389518962","22,944.35379099","Mint"
"0x147704387801cf4a7c80467dc4e3b1da0c36bd2dd2962804a47fef95b8f14824","12900986","1627290689","2021-07-26 09:11:29","0x4ddc2d193948926d02f9b1fe9e1daa0718270ed5","0x99fd1378ca799ed6772fe7bcdc9b30b389518962","349,151.31504676","Mint"
"0x24b140dc72c2967befc71173dd347ceaf44532007f0f9e5e38041a629644bc24","12902474","1627311147","2021-07-26 14:52:27","0x4ddc2d193948926d02f9b1fe9e1daa0718270ed5","0x99fd1378ca799ed6772fe7bcdc9b30b389518962","199,514.7662524","Mint"
"0xd57616677102508f46ee6c21acd6a3fa01a901fbe6da1e5358b33423ae648a3b","12911936","1627441418","2021-07-28 03:03:38","0x99fd1378ca799ed6772fe7bcdc9b30b389518962","0x4ddc2d193948926d02f9b1fe9e1daa0718270ed5","299,269.53269551","Redeem Underlying"
"0x7a97552cfaa51547571f8dc7e48301abfd58d492a0b8f571a5997965a53b91f4","12921054","1627566463","2021-07-29 13:47:43","0x99fd1378ca799ed6772fe7bcdc9b30b389518962","0x4ddc2d193948926d02f9b1fe9e1daa0718270ed5","194,523.46377999","Redeem Underlying"
"0x917561809d2324dcb44d299477112c900a6a7c370662eff1ed503f303caf805a","12945364","1627899273","2021-08-02 10:14:33","0x4ddc2d193948926d02f9b1fe9e1daa0718270ed5","0x99fd1378ca799ed6772fe7bcdc9b30b389518962","65,587.89860701","Mint"
"0xfce0ca3d917fa698552e7032f18ad9cd7c142fb9e6f4675dbae441737d75353e","12950070","1627962812","2021-08-03 03:53:32","0x4ddc2d193948926d02f9b1fe9e1daa0718270ed5","0x99fd1378ca799ed6772fe7bcdc9b30b389518962","5,737.70042376","Mint"
"0x8b53745287790a0116d138bf7b60051d73746c0b092da1dae8028a24af13e173","12956122","1628045116","2021-08-04 02:45:16","0x4ddc2d193948926d02f9b1fe9e1daa0718270ed5","0x99fd1378ca799ed6772fe7bcdc9b30b389518962","245,616.14680335","Mint"
"0xb21f81e815c99ea3010ccb8112f277bcdb48ad9fc2dd430aae214942e20dedd0","12957818","1628068987","2021-08-04 09:23:07","0x99fd1378ca799ed6772fe7bcdc9b30b389518962","0x4ddc2d193948926d02f9b1fe9e1daa0718270ed5","37,407.16508812","Redeem Underlying"
"0x71885b5f821913a6e7dba323f464b134f0e0a578d4e119c7d6a06d940c554f49","12970726","1628243706","2021-08-06 09:55:06","0x99fd1378ca799ed6772fe7bcdc9b30b389518962","0x4ddc2d193948926d02f9b1fe9e1daa0718270ed5","324,192.02249198","Redeem Underlying"
"0x80e22fa53dc5ae45c3568c058c7bd83d5dfdb6ff25973ff7f7adf715f9eeb023","12970757","1628244028","2021-08-06 10:00:28","0x4ddc2d193948926d02f9b1fe9e1daa0718270ed5","0x99fd1378ca799ed6772fe7bcdc9b30b389518962","37,406.7708231","Mint"
"0x776dee0778cd2ca6b32896df53e8f6ccfae4ea165ce55246f894e7c0286672c7","12980198","1628369230","2021-08-07 20:47:10","0x4ddc2d193948926d02f9b1fe9e1daa0718270ed5","0x99fd1378ca799ed6772fe7bcdc9b30b389518962","301,745.78958097","Mint"
"0xf695c057fe40f2500ec00acd94acfaef9fee1db41853394a909c12bab9edd4da","12980419","1628371990","2021-08-07 21:33:10","0x4ddc2d193948926d02f9b1fe9e1daa0718270ed5","0x99fd1378ca799ed6772fe7bcdc9b30b389518962","8,728.18261109","Mint"
"0xd0691e687f3694467edb55816e1de33aa78c97e798b3893ab76d8c070cfb533d","12990081","1628501122","2021-08-09 09:25:22","0x99fd1378ca799ed6772fe7bcdc9b30b389518962","0x4ddc2d193948926d02f9b1fe9e1daa0718270ed5","29,924.98050205","Redeem Underlying"
"0x1b7eb9fbb235dec6cfda34ff8396d211626f44b5a6a0d4f7fa88fc2bbb8f8fbc","12990180","1628502624","2021-08-09 09:50:24","0x4ddc2d193948926d02f9b1fe9e1daa0718270ed5","0x99fd1378ca799ed6772fe7bcdc9b30b389518962","99,749.92783835","Mint"
"0x0ac5508c32501afb22583d78f6600ee15c4988c0c8723a55ff3b201df8952198","12990548","1628507304","2021-08-09 11:08:24","0x99fd1378ca799ed6772fe7bcdc9b30b389518962","0x4ddc2d193948926d02f9b1fe9e1daa0718270ed5","24,937.47531129","Redeem Underlying"
"0x6a9cf6eabf2057983543d5cddaf75341e166724083f5a78eab568499e0095ab6","12991456","1628518843","2021-08-09 14:20:43","0x99fd1378ca799ed6772fe7bcdc9b30b389518962","0x4ddc2d193948926d02f9b1fe9e1daa0718270ed5","49,874.91785767","Redeem Underlying"
"0x00de8ce06b3eb74afec71f6544cfc42173b973ff4ece8369e8f10370b2253458","12994444","1628558844","2021-08-10 01:27:24","0x99fd1378ca799ed6772fe7bcdc9b30b389518962","0x4ddc2d193948926d02f9b1fe9e1daa0718270ed5","49,874.80986439","Redeem Underlying"
"0x8a2f043a93f936f8b0948720b391a07f67c964565b09654233e20ec5f21cd647","12996587","1628587919","2021-08-10 09:31:59","0x99fd1378ca799ed6772fe7bcdc9b30b389518962","0x4ddc2d193948926d02f9b1fe9e1daa0718270ed5","74,812.09801928","Redeem Underlying"
"0xa6ae1f17e0247e8705c954f09e4121a744087760faa77e45e58beecf3500940d","13002480","1628666071","2021-08-11 07:14:31","0x4ddc2d193948926d02f9b1fe9e1daa0718270ed5","0x99fd1378ca799ed6772fe7bcdc9b30b389518962","31,670.31951636","Mint"
"0x88405a93ae03791b8b12f7fa9336696a070e877c74bad56f5d6c3af69db2ab7c","13004456","1628692354","2021-08-11 14:32:34","0x99fd1378ca799ed6772fe7bcdc9b30b389518962","0x4ddc2d193948926d02f9b1fe9e1daa0718270ed5","49,874.44828259","Redeem Underlying"
"0x2cbecd13f64c47f47a32fec2cc51cb471647c845b0c64c37b86d0e41b19926e3","13007339","1628731364","2021-08-12 01:22:44","0x99fd1378ca799ed6772fe7bcdc9b30b389518962","0x4ddc2d193948926d02f9b1fe9e1daa0718270ed5","14,962.3039565","Redeem Underlying"
"0x1c9740959d707050b303b62b130679036394b670338b14c5968a924172434d69","13022404","1628932810","2021-08-14 09:20:10","0x99fd1378ca799ed6772fe7bcdc9b30b389518962","0x4ddc2d193948926d02f9b1fe9e1daa0718270ed5","99,747.50923976","Redeem Underlying"
"0x38c28d946a393588bab71a6222209f2f763e1c35e3fe5d312d744c15460693ab","13034683","1629095826","2021-08-16 06:37:06","0x4ddc2d193948926d02f9b1fe9e1daa0718270ed5","0x99fd1378ca799ed6772fe7bcdc9b30b389518962","4,737.96144907","Mint"
"0xefd25f1246f36e84839ffabdfe91e74b44339b3c693db3070d1c48a568d1070f","13036106","1629114606","2021-08-16 11:50:06","0x4ddc2d193948926d02f9b1fe9e1daa0718270ed5","0x99fd1378ca799ed6772fe7bcdc9b30b389518962","6,982.25157186","Mint"
"0xa12c7b42e5f5bd254ecf4b98cfb7b258e22698ba2eec5b32b4a735083e4305dc","13036586","1629121205","2021-08-16 13:40:05","0x99fd1378ca799ed6772fe7bcdc9b30b389518962","0x4ddc2d193948926d02f9b1fe9e1daa0718270ed5","59,847.84919767","Redeem Underlying"
"0xcecdf3426d265ddce0380170986b8d6ca606b16d74f5cb2723540f66a87141c2","13053020","1629341087","2021-08-19 02:44:47","0x99fd1378ca799ed6772fe7bcdc9b30b389518962","0x4ddc2d193948926d02f9b1fe9e1daa0718270ed5","24,936.30943638","Redeem Underlying"
"0xb05858fa4b96a3860f74bc9e41e894f374366ce1cba388af6650ae645919760b","13068316","1629545017","2021-08-21 11:23:37","0x99fd1378ca799ed6772fe7bcdc9b30b389518962","0x4ddc2d193948926d02f9b1fe9e1daa0718270ed5","24,936.04279957","Redeem Underlying"
"0xa1afa05b7e7d9721e371ef22a04b6c93db4cfbc2db10bedf243aba50dec4ab7e","13073521","1629613981","2021-08-22 06:33:01","0x99fd1378ca799ed6772fe7bcdc9b30b389518962","0x4ddc2d193948926d02f9b1fe9e1daa0718270ed5","99,743.82072048","Redeem Underlying"
"0x9f2f3932b8a0466346e35376a20c4b53da8a6838338311fae476f5039aaf9453","13085769","1629778118","2021-08-24 04:08:38","0x99fd1378ca799ed6772fe7bcdc9b30b389518962","0x4ddc2d193948926d02f9b1fe9e1daa0718270ed5","24,935.7614058","Redeem Underlying"
"0xa3d6709b924a4e9f594fa06d936f4b9146946b89f7e4138977e23a07eceec70b","13085815","1629778802","2021-08-24 04:20:02","0x99fd1378ca799ed6772fe7bcdc9b30b389518962","0x4ddc2d193948926d02f9b1fe9e1daa0718270ed5","7,979.44342801","Redeem Underlying"
"0xc951f44db70e0e13db6ca46de873c553db4f7fa7fbe0d869df9aa624a3e89b70","13092099","1629862070","2021-08-25 03:27:50","0x4ddc2d193948926d02f9b1fe9e1daa0718270ed5","0x99fd1378ca799ed6772fe7bcdc9b30b389518962","10,373.23768898","Mint"
"0xac7b76b6b78ff68b4e91f1d89c96732e32121e8f09adba56c729696a90efac73","13099728","1629964147","2021-08-26 07:49:07","0x4ddc2d193948926d02f9b1fe9e1daa0718270ed5","0x99fd1378ca799ed6772fe7bcdc9b30b389518962","5,735.17776622","Mint"
"0x8b268a7f0a383d3e97e197f7e8f010d832a6f04ef2c9add41d6e565801dddc8d","13106418","1630052811","2021-08-27 08:26:51","0x4ddc2d193948926d02f9b1fe9e1daa0718270ed5","0x99fd1378ca799ed6772fe7bcdc9b30b389518962","9,126.37810845","Mint"
"0x96f25d7a2594145869595ed63cfa44b870f8c8e969d2841bac3a10b01108c469","13126319","1630319407","2021-08-30 10:30:07","0x4ddc2d193948926d02f9b1fe9e1daa0718270ed5","0x99fd1378ca799ed6772fe7bcdc9b30b389518962","2,493.5190041","Mint"
"0x00576769378c0b9979c73540d703be4b59cda3b404556d60baf10ad6c52cf9da","13140041","1630502701","2021-09-01 13:25:01","0x4ddc2d193948926d02f9b1fe9e1daa0718270ed5","0x99fd1378ca799ed6772fe7bcdc9b30b389518962","17,454.50837478","Mint"
"0x2a48c38628a978f2dd940104360827ff171350c6271aca059d3f1645b5c44c61","13143859","1630553134","2021-09-02 03:25:34","0x4ddc2d193948926d02f9b1fe9e1daa0718270ed5","0x99fd1378ca799ed6772fe7bcdc9b30b389518962","14,960.97708153","Mint"
"0xc59dce1989e7e10ac6c0a6c74f1239ebd314a3aff0b3556ab4340e828ef816d0","13151652","1630657567","2021-09-03 08:26:07","0x4ddc2d193948926d02f9b1fe9e1daa0718270ed5","0x99fd1378ca799ed6772fe7bcdc9b30b389518962","16,855.96617415","Mint"
"0xd74226aab77c34bca905086f37e95c541d3ac0f75823469c5e24224a5d8ffab7","13170213","1630904738","2021-09-06 05:05:38","0x4ddc2d193948926d02f9b1fe9e1daa0718270ed5","0x99fd1378ca799ed6772fe7bcdc9b30b389518962","16,955.53606667","Mint"
"0x2ab9cfbf060db50b1c10ae6e831a9cc1a21ca073cad926e31394bdf6515bc3ec","13178010","1631009019","2021-09-07 10:03:39","0x4ddc2d193948926d02f9b1fe9e1daa0718270ed5","0x99fd1378ca799ed6772fe7bcdc9b30b389518962","4,388.47324971","Mint"
"0xc336a7359863efb463d7c85600e32d33a141d26e6664d1cf9809f446429b36b3","13183865","1631087686","2021-09-08 07:54:46","0x4ddc2d193948926d02f9b1fe9e1daa0718270ed5","0x99fd1378ca799ed6772fe7bcdc9b30b389518962","10,223.11594608","Mint"
"0x5d53c65f7dcf56512012dc6bc78b288f62d2e4cfb0588511172502600989eda7","13190621","1631178273","2021-09-09 09:04:33","0x4ddc2d193948926d02f9b1fe9e1daa0718270ed5","0x99fd1378ca799ed6772fe7bcdc9b30b389518962","14,960.60115584","Mint"
"0xcc4c8932b55d81ec90119dc4e02d2fcede2e6994d26c02714b7362c4746b92b2","13197505","1631270488","2021-09-10 10:41:28","0x99fd1378ca799ed6772fe7bcdc9b30b389518962","0x4ddc2d193948926d02f9b1fe9e1daa0718270ed5","149,605.43714008","Redeem Underlying"
"0x453b72e774f246fbb3d3ae49c65c84208aaf22e1ec4180892c7feba4df75db64","13217989","1631544779","2021-09-13 14:52:59","0x4ddc2d193948926d02f9b1fe9e1daa0718270ed5","0x99fd1378ca799ed6772fe7bcdc9b30b389518962","3,989.43318153","Mint"
"0xf7ebd42b3a07ed7814a0cf1326071f94ca9f50c77a8f2499f1d8537d48637c2e","13229871","1631703084","2021-09-15 10:51:24","0x99fd1378ca799ed6772fe7bcdc9b30b389518962","0x4ddc2d193948926d02f9b1fe9e1daa0718270ed5","49,867.60460995","Redeem Underlying"
"0xd4affa5b082558bc8f75876e77ffd43ead0d845f1e49becdb2a141661b3ba8b2","13236355","1631789945","2021-09-16 10:59:05","0x4ddc2d193948926d02f9b1fe9e1daa0718270ed5","0x99fd1378ca799ed6772fe7bcdc9b30b389518962","7,978.79099176","Mint"
"0x8ee577627837f3ed204d049e7bfbac9076e4ec58d4aeed0f86eb1c265f0e1da4","13250133","1631974536","2021-09-18 14:15:36","0x4ddc2d193948926d02f9b1fe9e1daa0718270ed5","0x99fd1378ca799ed6772fe7bcdc9b30b389518962","2,992.0254556","Mint"
"0xb5a34e5d9e7ad38885bf534a9b2b3cdc8e5cbfebb5047654e3d56e386970fc90","13273997","1632292452","2021-09-22 06:34:12","0x99fd1378ca799ed6772fe7bcdc9b30b389518962","0x4ddc2d193948926d02f9b1fe9e1daa0718270ed5","127,159.57590231","Redeem Underlying"
"0x0d048d36d1751104fee4957d1e0fe43ec879846c5ddefee419c73d59c7bedf5d","13280103","1632375021","2021-09-23 05:30:21","0x99fd1378ca799ed6772fe7bcdc9b30b389518962","0x4ddc2d193948926d02f9b1fe9e1daa0718270ed5","208,142.1846272","Redeem Underlying"
"0x226e2b7adeb034b13960fa7195b4c6d6b0efabb5dd2225f8ea0e4b813a14707b","13280171","1632375749","2021-09-23 05:42:29","0x99fd1378ca799ed6772fe7bcdc9b30b389518962","0x4ddc2d193948926d02f9b1fe9e1daa0718270ed5","17,453.22528478","Redeem Underlying"
"0xfbc46587c6366f36f34c86328d200ee77e54a65e26a05b06ae5b1381eb10c7f9","13280179","1632375893","2021-09-23 05:44:53","0x99fd1378ca799ed6772fe7bcdc9b30b389518962","0x4ddc2d193948926d02f9b1fe9e1daa0718270ed5","2,493.31788864","Redeem Underlying"
"0x5c2f53f6a131e276d4be453a00f7cdc6523c0a14aea6eab6bae701d45ce207b0","13280285","1632377521","2021-09-23 06:12:01","0x99fd1378ca799ed6772fe7bcdc9b30b389518962","0x4ddc2d193948926d02f9b1fe9e1daa0718270ed5","194,478.78582398","Redeem Underlying"
"0x786c1a3d07f052283dddf91679350d30842469eff4d97e062aef7a7638729166","13288216","1632482692","2021-09-24 11:24:52","0x99fd1378ca799ed6772fe7bcdc9b30b389518962","0x4ddc2d193948926d02f9b1fe9e1daa0718270ed5","24,933.08648726","Redeem Underlying"
"0x7844f6a3cf4ab84caf5514e7efdacca3af57a9952add10d8256fe85787d4dbd7","13292973","1632546804","2021-09-25 05:13:24","0x99fd1378ca799ed6772fe7bcdc9b30b389518962","0x4ddc2d193948926d02f9b1fe9e1daa0718270ed5","187,879.49796826","Redeem"
"0xff34159b9196a47fd9a12a410633d9c363dd4740e2498a690617ea918df2c5d1","13347402","1633279747","2021-10-03 16:49:07","0x4ddc2d193948926d02f9b1fe9e1daa0718270ed5","0x99fd1378ca799ed6772fe7bcdc9b30b389518962","131,643.70073748","Mint"
"0x8d260f886b97e11763ce9647d4c44baef7143d22f6c116be61d2f067b6facef9","13347455","1633280372","2021-10-03 16:59:32","0x4ddc2d193948926d02f9b1fe9e1daa0718270ed5","0x99fd1378ca799ed6772fe7bcdc9b30b389518962","239,850.82832939","Mint"
"0xf5fd7c383abf8c60a1ba36d40c04272d39a1c2dee7292cf4dbefb9ed85ebab9f","13356884","1633407975","2021-10-05 04:26:15","0x99fd1378ca799ed6772fe7bcdc9b30b389518962","0x4ddc2d193948926d02f9b1fe9e1daa0718270ed5","27,924.27554027","Redeem Underlying"
"0x09d361e9ee0c5aabd64b93ca9c7740a85edcad6be93f9191de22ac77f065cce8","13358849","1633433892","2021-10-05 11:38:12","0x99fd1378ca799ed6772fe7bcdc9b30b389518962","0x4ddc2d193948926d02f9b1fe9e1daa0718270ed5","62,331.00559746","Redeem Underlying"
"0x3e3394401540bb84762fedb2a16b58b09e4c96f3806278c7d112fd4936cdd2f9","13363059","1633491348","2021-10-06 03:35:48","0x99fd1378ca799ed6772fe7bcdc9b30b389518962","0x4ddc2d193948926d02f9b1fe9e1daa0718270ed5","63,826.83989889","Redeem Underlying"
"0xd9f660fbca6eb168d208d57b449b2c7ddfa73dc964040e3d32b83b7c24959f72","13366139","1633532963","2021-10-06 15:09:23","0x99fd1378ca799ed6772fe7bcdc9b30b389518962","0x4ddc2d193948926d02f9b1fe9e1daa0718270ed5","74,797.00088136","Redeem Underlying"
"0x7ae1426450cac1aee6909b86d555780384cb639e394eec2c6f47b484e4505ec5","13366144","1633533049","2021-10-06 15:10:49","0x99fd1378ca799ed6772fe7bcdc9b30b389518962","0x4ddc2d193948926d02f9b1fe9e1daa0718270ed5","49,864.66717028","Redeem Underlying"
"0xea73b8a678a3fa98c919e8dbf9f25cce4ddceea47bd20eb06cde9673b85605b5","13366158","1633533245","2021-10-06 15:14:05","0x99fd1378ca799ed6772fe7bcdc9b30b389518962","0x4ddc2d193948926d02f9b1fe9e1daa0718270ed5","92,750.73997861","Redeem"
"0xd400bc7437880526e4ede2909288e46cbc1b0672c73b44c1eadb76a83dc55a17","13570287","1636300781","2021-11-07 15:59:41","0x4ddc2d193948926d02f9b1fe9e1daa0718270ed5","0x99fd1378ca799ed6772fe7bcdc9b30b389518962","18,697.81546647","Mint"
"0x7531681900d47b173067ed127e64fcd4d2be50211ed126f6c4d380b12ccbf95b","13573528","1636343945","2021-11-08 03:59:05","0x4ddc2d193948926d02f9b1fe9e1daa0718270ed5","0x99fd1378ca799ed6772fe7bcdc9b30b389518962","60,331.55838993","Mint"
"0x49795ac4f1b3d5a1c4b7c3e2f586199292d3a00bca5837f585fd660eff015c99","13581672","1636454239","2021-11-09 10:37:19","0x4ddc2d193948926d02f9b1fe9e1daa0718270ed5","0x99fd1378ca799ed6772fe7bcdc9b30b389518962","11,966.56004667","Mint"
"0xd4c9c56f2e10ba4f447cc8699caae0de70608d0fa0dc625b384703e70eb2a1a4","13587722","1636537096","2021-11-10 09:38:16","0x4ddc2d193948926d02f9b1fe9e1daa0718270ed5","0x99fd1378ca799ed6772fe7bcdc9b30b389518962","7,479.08596711","Mint"
"0x096c87fbb5525ba617161402eca59c8fb949a4844f83a1eda0331a425c72e1a0","13592181","1636596461","2021-11-11 02:07:41","0x99fd1378ca799ed6772fe7bcdc9b30b389518962","0x4ddc2d193948926d02f9b1fe9e1daa0718270ed5","14,958.15115936","Redeem Underlying"
"0x3fe976330d819357ef8d0f39ce550817515fd23aafae7da0cd046c161f067194","13593806","1636618882","2021-11-11 08:21:22","0x4ddc2d193948926d02f9b1fe9e1daa0718270ed5","0x99fd1378ca799ed6772fe7bcdc9b30b389518962","4,986.04785754","Mint"
"0xc4cd05ff7f8088ceab77858038172f7c140e6eeb80ee65e675c181d5b6b1de03","13600953","1636715357","2021-11-12 11:09:17","0x4ddc2d193948926d02f9b1fe9e1daa0718270ed5","0x99fd1378ca799ed6772fe7bcdc9b30b389518962","62,325.46079926","Mint"
"0xb2d2b4245236b679461020e82432f30dfbbab0bfba6b5dde37942f132e46c7fc","13615058","1636907436","2021-11-14 16:30:36","0x4ddc2d193948926d02f9b1fe9e1daa0718270ed5","0x99fd1378ca799ed6772fe7bcdc9b30b389518962","8,476.22696212","Mint"
"0xf0337e528f3dc974821ff051eb4aba3eaecc7eb58d062a2b5877b5dfeacdde2c","13618244","1636950724","2021-11-15 04:32:04","0x99fd1378ca799ed6772fe7bcdc9b30b389518962","0x4ddc2d193948926d02f9b1fe9e1daa0718270ed5","159,304.60432974","Redeem"
"0xe50d18d10f854a5af61d492c94cc51382e608f57e7bc3a20830ecf763c0f9cb3","13859776","1640240300","2021-12-23 06:18:20","0x4ddc2d193948926d02f9b1fe9e1daa0718270ed5","0x99fd1378ca799ed6772fe7bcdc9b30b389518962","774,548.60751041","Mint"
"0xd16625e655a3fbdaf57456b1c868341005a455e5e88808ced8dd999b535d9ce0","13865502","1640317261","2021-12-24 03:41:01","0x99fd1378ca799ed6772fe7bcdc9b30b389518962","0x4ddc2d193948926d02f9b1fe9e1daa0718270ed5","124,640.63683271","Redeem Underlying"
"0x503d086d58dfcf8cf0b1a4bfcf96473c5e64b9c9362a4071a0c37ac87e99e0d1","13873399","1640423226","2021-12-25 09:07:06","0x4ddc2d193948926d02f9b1fe9e1daa0718270ed5","0x99fd1378ca799ed6772fe7bcdc9b30b389518962","4,985.61576626","Mint"
"0x9d332d8f5e2a652f54db4f40d44901ab600f2d78a832d508745b00a6f98b8b51","13884831","1640575206","2021-12-27 03:20:06","0x99fd1378ca799ed6772fe7bcdc9b30b389518962","0x4ddc2d193948926d02f9b1fe9e1daa0718270ed5","34,899.21124843","Redeem Underlying"
"0x8f958e11eba62029f5aca4367233bc72ea1ffc858f2954b085c002c77962fd79","13884896","1640576316","2021-12-27 03:38:36","0x99fd1378ca799ed6772fe7bcdc9b30b389518962","0x4ddc2d193948926d02f9b1fe9e1daa0718270ed5","619,994.37519553","Redeem"
"0xb8d2b3d5ad151d7e0031c500fd2431ca2452153146bc5bc1782318f0d8fbc0f5","14132735","1643887715","2022-02-03 11:28:35","0x4ddc2d193948926d02f9b1fe9e1daa0718270ed5","0x99fd1378ca799ed6772fe7bcdc9b30b389518962","216,262.61561133","Mint"
"0xe06322f41a7d4042de2b51fe892c8d844a4df47b8a90936ec873b5ce16eaff6c","14145229","1644053990","2022-02-05 09:39:50","0x4ddc2d193948926d02f9b1fe9e1daa0718270ed5","0x99fd1378ca799ed6772fe7bcdc9b30b389518962","39,880.49444005","Mint"
"0x526654f46b60abc95a2ac18ea367a4ad0e894a747ba0d9cb599ed7a4ed28a474","14153429","1644162779","2022-02-06 15:52:59","0x4ddc2d193948926d02f9b1fe9e1daa0718270ed5","0x99fd1378ca799ed6772fe7bcdc9b30b389518962","215,354.1392969","Mint"
"0x460c7df20e4ace8652992be4ee63211b5f0cb7077e7fc8934b5f433454a6d14f","14158461","1644230537","2022-02-07 10:42:17","0x99fd1378ca799ed6772fe7bcdc9b30b389518962","0x4ddc2d193948926d02f9b1fe9e1daa0718270ed5","29,910.25208381","Redeem Underlying"
"0xc1562dba64da96a9bd0f0f63153668710d3a9613aa947fb845b4ba6509299413","14162581","1644284673","2022-02-08 01:44:33","0x99fd1378ca799ed6772fe7bcdc9b30b389518962","0x4ddc2d193948926d02f9b1fe9e1daa0718270ed5","39,880.28288185","Redeem Underlying"
"0x64388d2a291ebb4686e5e1fd59e389703ae40209ddee32da0456914e8b1db219","14164855","1644315477","2022-02-08 10:17:57","0x4ddc2d193948926d02f9b1fe9e1daa0718270ed5","0x99fd1378ca799ed6772fe7bcdc9b30b389518962","39,880.25242196","Mint"
"0xa5b96b04a84efbfd246ed402b12ed90940a48095be1abe94b1b74a2cc3738124","14168442","1644363546","2022-02-08 23:39:06","0x4ddc2d193948926d02f9b1fe9e1daa0718270ed5","0x99fd1378ca799ed6772fe7bcdc9b30b389518962","795,385.1175192","Mint"
"0xdebf80aee1035235bdfa55c941355afad71c5e4b247b444885f2757c37585c67","14184065","1644573693","2022-02-11 10:01:33","0x4ddc2d193948926d02f9b1fe9e1daa0718270ed5","0x99fd1378ca799ed6772fe7bcdc9b30b389518962","29,909.9888081","Mint"
"0x4bf998dbef9e5af43058f20aea3d504196034ce7aa4b5ef85b6521cafac4c697","14198913","1644770541","2022-02-13 16:42:21","0x4ddc2d193948926d02f9b1fe9e1daa0718270ed5","0x99fd1378ca799ed6772fe7bcdc9b30b389518962","217,843.29232927","Mint"
"0x29675af88d5c7c87056a03bbd5fcbff0d1363dd40c418686ee715118969bb153","14208989","1644904699","2022-02-15 05:58:19","0x4ddc2d193948926d02f9b1fe9e1daa0718270ed5","0x99fd1378ca799ed6772fe7bcdc9b30b389518962","27,417.24814943","Mint"
"0xa523ba6b77bc4d2e3d1d6838c1a44c3a69802d161d3ac78d7bb86b10461b3562","14225804","1645129966","2022-02-17 20:32:46","0x4ddc2d193948926d02f9b1fe9e1daa0718270ed5","0x99fd1378ca799ed6772fe7bcdc9b30b389518962","236,285.401875","Mint"
"0xe2309453c0ebfdb7d0903861a80c886ff9cdedb06f497f844d194c20858f0a94","14241265","1645337483","2022-02-20 06:11:23","0x99fd1378ca799ed6772fe7bcdc9b30b389518962","0x4ddc2d193948926d02f9b1fe9e1daa0718270ed5","49,848.9659669","Redeem Underlying"
"0x10ad53ea9b948b0a349d490c537330ce8c356d9a084a0738528a5ed079b233c4","14241381","1645339020","2022-02-20 06:37:00","0x4ddc2d193948926d02f9b1fe9e1daa0718270ed5","0x99fd1378ca799ed6772fe7bcdc9b30b389518962","44,864.06750573","Mint"
"0x6f7a1b77cf78472c68b8db4c056b8203a8ec7a7bb9eb956a4882c07ffd43bc40","14243961","1645374438","2022-02-20 16:27:18","0x99fd1378ca799ed6772fe7bcdc9b30b389518962","0x4ddc2d193948926d02f9b1fe9e1daa0718270ed5","254,229.48044164","Redeem Underlying"
"0x4ca8c232cfaa3d07ae420ea6b0eaa54fe24669f3b93d7fbe9aaaf5a1d067fdb4","14244015","1645375003","2022-02-20 16:36:43","0x4ddc2d193948926d02f9b1fe9e1daa0718270ed5","0x99fd1378ca799ed6772fe7bcdc9b30b389518962","264,300.28353172","Mint"
"0xc164e5f3c7030ed7b10d9da5ba5fd1983ac2e3800a5d82f1f8a273ebdc506a01","14269968","1645721464","2022-02-24 16:51:04","0x99fd1378ca799ed6772fe7bcdc9b30b389518962","0x4ddc2d193948926d02f9b1fe9e1daa0718270ed5","44,863.67866486","Redeem Underlying"
"0x2bacefb86705558d0391ed134bff03c765af4b701c0c2c5be9f2ee9c2b28f906","14282954","1645894925","2022-02-26 17:02:05","0x4ddc2d193948926d02f9b1fe9e1daa0718270ed5","0x99fd1378ca799ed6772fe7bcdc9b30b389518962","11,465.12589741","Mint"
"0xfd8d8463304df9d5690161d5132d896d6acc43a7b34e4a876ce7e3f7c951cc8c","14299128","1646111500","2022-03-01 05:11:40","0x99fd1378ca799ed6772fe7bcdc9b30b389518962","0x4ddc2d193948926d02f9b1fe9e1daa0718270ed5","20,936.25285012","Redeem Underlying"
"0x7fff5942adbfa0e2cf7db4ecb7a81866d4896435c9ca9b553de0693afcb53c2e","14311503","1646276986","2022-03-03 03:09:46","0x4ddc2d193948926d02f9b1fe9e1daa0718270ed5","0x99fd1378ca799ed6772fe7bcdc9b30b389518962","149,544.25900132","Mint"
"0xaf3f9f35cfd938c283362c561003dbf888686d254d4457941dd04bd4c47aff6a","14325775","1646468815","2022-03-05 08:26:55","0x4ddc2d193948926d02f9b1fe9e1daa0718270ed5","0x99fd1378ca799ed6772fe7bcdc9b30b389518962","122,856.10821629","Mint"
"0xba8b79fedfbd92310c971edf0ae28c5fafb281474f382174aac4a877a34f7379","14338564","1646640299","2022-03-07 08:04:59","0x4ddc2d193948926d02f9b1fe9e1daa0718270ed5","0x99fd1378ca799ed6772fe7bcdc9b30b389518962","38,881.28840875","Mint"
"0xa04b2d441902dbc2a0f47ae298dbf459e1a082dd434a2463564d5a71b3ff0d2b","14338566","1646640343","2022-03-07 08:05:43","0x4ddc2d193948926d02f9b1fe9e1daa0718270ed5","0x99fd1378ca799ed6772fe7bcdc9b30b389518962","34,893.46394238","Mint"
"0xb330fcab4de9c51187d2ed36a33e82ae5bf426dcbb6759cf5326cef7ae480f68","14350478","1646800314","2022-03-09 04:31:54","0x4ddc2d193948926d02f9b1fe9e1daa0718270ed5","0x99fd1378ca799ed6772fe7bcdc9b30b389518962","27,416.22664598","Mint"
"0x863f729ca1f4968016aa2c652fad09d668d957be7f5c9ca6e7b56df546696269","14398838","1647449974","2022-03-16 16:59:34","0x4ddc2d193948926d02f9b1fe9e1daa0718270ed5","0x99fd1378ca799ed6772fe7bcdc9b30b389518962","28,911.37528331","Mint"
"0x616829a506a3eb3ec4b862c479622ad2d39e0890986766e864af5418a2a357f1","14422706","1647771954","2022-03-20 10:25:54","0x4ddc2d193948926d02f9b1fe9e1daa0718270ed5","0x99fd1378ca799ed6772fe7bcdc9b30b389518962","13,957.14108084","Mint"
"0xe42597fee92f01569c8e4ac41aaca2e8ca13f4648593d5c93f74fb60eccefa96","14440313","1648008067","2022-03-23 04:01:07","0x4ddc2d193948926d02f9b1fe9e1daa0718270ed5","0x99fd1378ca799ed6772fe7bcdc9b30b389518962","4.98467007","Mint"
"0x4c93dd9f33c2ede96e4f39d63130280a0e15c0c74b89ba3439361884147eb404","14452718","1648174982","2022-03-25 02:23:02","0x4ddc2d193948926d02f9b1fe9e1daa0718270ed5","0x99fd1378ca799ed6772fe7bcdc9b30b389518962","47,354.21254471","Mint"
"0x7297f6f3cfc9db39f0e42e704907194c0aa127fe9ce34360d17b6be168381f5b","14468494","1648387710","2022-03-27 13:28:30","0x4ddc2d193948926d02f9b1fe9e1daa0718270ed5","0x99fd1378ca799ed6772fe7bcdc9b30b389518962","4,984.63363786","Mint"
"0xaf871454f5e875f6839ba4eff54c06278aec0b0b2a0cd64f8499f80ccd0e9da6","14535960","1649296846","2022-04-07 02:00:46","0x4ddc2d193948926d02f9b1fe9e1daa0718270ed5","0x99fd1378ca799ed6772fe7bcdc9b30b389518962","35,390.39358576","Mint"
"0x43e0ba7f66c3a6d7c9274396cc4b512b1cf507861435411aeec8d562f60a361d","14564188","1649677230","2022-04-11 11:40:30","0x4ddc2d193948926d02f9b1fe9e1daa0718270ed5","0x99fd1378ca799ed6772fe7bcdc9b30b389518962","49,845.35917054","Mint"
"0x3f47026093d13668760dc35418cb4983b374e9ebdc5af2cca2d93559b83dd10f","14644314","1650760565","2022-04-24 00:36:05","0x4ddc2d193948926d02f9b1fe9e1daa0718270ed5","0x99fd1378ca799ed6772fe7bcdc9b30b389518962","5,586.87053409","Mint"
