Date,Open,High,Low,Close,Volume,Market Cap
Apr-25-2022,0.02139309150407776,0.02173033956967954,0.02061512736512833,0.020951374581254643,94.1552912874088,1879301955.701301
Apr-24-2022,0.02180908997100609,0.021833660600422737,0.02130775334365423,0.02139309150407776,66.23631104969047,1893365092.5966887
Apr-23-2022,0.02268035492644918,0.0228275306006295,0.02180908997100609,0.02180908997100609,237.09944750975998,1957935822.0714998
Apr-22-2022,0.02087852074813168,0.022895438409070767,0.02087852074813168,0.022698647627442337,187.91447368421052,1889564746.7601783
Apr-21-2022,0.021028516759345302,0.021311993231692226,0.020722759598031604,0.02087852074813168,212.47046130115183,1861742201.6840456
Apr-20-2022,0.022269055628334984,0.02275057859409364,0.0208787941886112,0.021028516759345302,206.29839779468085,1937917416.873443
Apr-19-2022,0.02048720361123686,0.022311063256542862,0.02048720361123686,0.022269055628334984,126.24658691406,1857378632.576256
Apr-18-2022,0.02048720361123686,0.02048720361123686,0.02048720361123686,0.02048720361123686,0,1811288808.0349712
Apr-17-2022,0.02048720361123686,0.02048720361123686,0.02048720361123686,0.02048720361123686,92,1811288808.0349712
Apr-16-2022,0.020914113681833133,0.02097834782092715,0.02048720361123686,0.02048720361123686,93.98539462389637,1840422369.5536053
Apr-15-2022,0.021430404640121515,0.0216023945351337,0.020713356259335597,0.020914113681833133,759.2733070121321,1885799899.9819653
Apr-14-2022,0.02141412421334712,0.02157455533059821,0.021369068796125903,0.021430404640121515,1125.5999005635522,1897361221.3918056
Apr-13-2022,0.02220753737577735,0.02220753737577735,0.0211880592482221,0.02141412421334712,1090.3350942860488,1921593060.7996006
Apr-12-2022,0.021688739916047077,0.02225594120256664,0.02150844874945873,0.02220753737577735,1913.2107758698655,1936811576.1238856
Apr-11-2022,0.020469298969542936,0.022766966918948667,0.020469298969542936,0.021688739916047077,1418.076308632925,1928813904.9676163
Apr-10-2022,0.020469298969542936,0.020469298969542936,0.020469298969542936,0.020469298969542936,133,1809705845.4341428
Apr-09-2022,0.02059054987427557,0.02059054987427557,0.02059054987427557,0.02059054987427557,134,1820425727.5065725
Apr-08-2022,0.02059271743089599,0.02059271743089599,0.020199679981398908,0.02059054987427557,132.68729115180273,1806014628.028302
Apr-07-2022,0.02059271743089599,0.02059271743089599,0.02059271743089599,0.02059271743089599,0,1820617362.7888563
Apr-06-2022,0.02059271743089599,0.02059271743089599,0.02059271743089599,0.02059271743089599,0,1820617362.7888563
Apr-05-2022,0.02059271743089599,0.02059271743089599,0.02059271743089599,0.02059271743089599,0,1820617362.7888563
Apr-04-2022,0.02059271743089599,0.02059271743089599,0.02059271743089599,0.02059271743089599,0,1820617362.7888563
Apr-03-2022,0.02059271743089599,0.02059271743089599,0.02059271743089599,0.02059271743089599,10,1820617362.7888563
Apr-02-2022,0.020476517485945,0.020603105353043744,0.02030966002811152,0.02059271743089599,9.999806271322786,1817901489.5575063
Apr-01-2022,0.020590291584950893,0.02096319568784605,0.020452910102193377,0.020476517485945,41.40743632649302,1828283141.9128096
Mar-31-2022,0.01898114064905189,0.020701326004470867,0.0186405758910585,0.02052118062742768,168.33540738363507,1754241291.459205
Mar-30-2022,0.023659547478564996,0.023659547478564996,0.018920692506679018,0.01898114064905189,442.06077028671234,1724038240.2603488
Mar-29-2022,0.023659547478564996,0.023659547478564996,0.023659547478564996,0.023659547478564996,0,2091758073.1999898
Mar-28-2022,0.023659547478564996,0.023659547478564996,0.023659547478564996,0.023659547478564996,10,2091758073.1999898
Mar-27-2022,0.0235969424087925,0.023759743560237228,0.023515468810831296,0.023659547478564996,10,2091374653.2508483
Mar-26-2022,0.022541921073169928,0.0235969424087925,0.02245078257080977,0.0235969424087925,13.950173160491225,2011760856.8533652
Mar-25-2022,0.021276152447384383,0.02259121797796254,0.021276152447384383,0.02256738260325487,13.330708661417322,1948665948.158064
Mar-24-2022,0.021276152447384383,0.021276152447384383,0.021276152447384383,0.021276152447384383,0,1881040357.5457225
Mar-23-2022,0.021276152447384383,0.021276152447384383,0.021276152447384383,0.021276152447384383,32,1881040357.5457225
Mar-22-2022,0.02134432393787018,0.021783168297293137,0.02101870372658757,0.021276152447384383,182.97724597894174,1880833028.2632666
Mar-21-2022,0.020167950744701783,0.02200260353561228,0.020167950744701783,0.02134432393787018,526.682769220509,1899337010.1315317
Mar-20-2022,0.020167950744701783,0.020167950744701783,0.020167950744701783,0.020167950744701783,714,1783063426.2278135
Mar-19-2022,0.02042482516058023,0.020474961461230533,0.020137272693329152,0.020167950744701783,715.2228571428572,1786459399.1811612
Mar-18-2022,0.021298460469829306,0.02497854324019742,0.020135367848628072,0.020382832314623685,543.6610808581853,1838301801.2615454
Mar-17-2022,0.019550329313641823,0.02152252448296918,0.019265394194373796,0.02131696628454945,389.7615067663306,1827690344.2065878
Mar-16-2022,0.021096560094962632,0.02130419845525629,0.01950565998482198,0.019550329313641823,60.05536130115815,1840294950.3744102
Mar-15-2022,0.02086262983301448,0.021643002349615397,0.01989884654257559,0.021096560094962632,95.09951417060255,1820762850.953993
Mar-14-2022,0.02117400932852467,0.021237331140241344,0.02005482302858085,0.020904554680746347,188.18859473220272,1825389737.8077233
Mar-13-2022,0.021700457071387576,0.02392186476400236,0.020636761717272124,0.021208266677588343,269.5216846792137,1906081799.1770363
Mar-12-2022,0.02180338067773804,0.02446682372824811,0.021578027768010283,0.021700457071387576,356.92707947645016,1975570267.4132552
Mar-11-2022,0.02159327297930228,0.021842951118832145,0.02157129715097389,0.02180338067773804,30.0615147497622,1926582489.3525052
Mar-10-2022,0.02155409037824437,0.022423799260814656,0.0213578435467643,0.02159327297930228,36.54994602493401,1924491867.8344812
Mar-09-2022,0.022683323473995563,0.022683323473995563,0.0215534669729944,0.02155409037824437,88.74793709395209,1924586606.0370457
Mar-08-2022,0.022341005058678413,0.022937480085620916,0.02151930602422458,0.02264956768057786,180.39679597219578,1994053746.9691126
Mar-07-2022,0.01975467458126878,0.022719670401036493,0.01975467458126878,0.02236092033831381,186.90895020728436,1923690869.0529594
Mar-06-2022,0.01986060572294972,0.0198699419012393,0.01945863742740227,0.01975467458126878,23.89249894785465,1743977696.7221718
Mar-05-2022,0.02098708088363109,0.02104506787612429,0.01986341934323581,0.01986341934323581,36.259419457960526,1821284042.3915749
Mar-04-2022,0.02095154270594614,0.021257942401410653,0.020722251587037215,0.02098708088363109,1152.9986833108333,1855979241.3093922
Mar-03-2022,0.021781404399160903,0.02206761074285167,0.0206565404905977,0.020993748475723863,1339.5749938962656,1874938031.3699932
Mar-02-2022,0.021496177624287127,0.02250985174872895,0.0214768939334672,0.021781404399160903,0.02962956157894737,1935008571.36081
Mar-01-2022,0.021496177624287127,0.021496177624287127,0.021496177624287127,0.021496177624287127,0,1913479719.6364589
Feb-28-2022,0.021496177624287127,0.021496177624287127,0.021496177624287127,0.021496177624287127,56,1960598313.2437978
Feb-27-2022,0.02014958797232669,0.02165327303743423,0.01986617262460278,0.021496177624287127,105.24684270798193,1900648474.8284862
Feb-26-2022,0.02318452875346576,0.023247311359318776,0.01985243578330401,0.020142032879936603,119.81688251014288,2014180427.9727092
Feb-25-2022,0.02369645138320476,0.024329559288123467,0.023090615648658518,0.02313583393227698,99.63280035524899,2183050899.9772153
Feb-24-2022,0.02190269978965125,0.02414631000950375,0.021857641468419824,0.023644571315758388,577724703.9425814,2980820136.3518553
Feb-23-2022,0.02189335886169288,0.02196153183556497,0.02179878633917901,0.021893536958916847,238073209.01845017,2919638001.0433
Feb-22-2022,0.02191233184347486,0.02193409251090509,0.02186827481917392,0.02189335886169288,2788108.4410646386,2919538679.29411
Feb-21-2022,0.02189664617695589,0.021947372769515333,0.021740679023456333,0.02191233184347486,9325447.210465116,2921636827.3349285
Feb-20-2022,0.021892440112885627,0.02197748381445956,0.021834239937719012,0.0218866458928272,36897392.561702125,2923050182.468053
Feb-19-2022,0.021909607810380552,0.02193100533708672,0.021871724087992303,0.021892440112885627,56621009.07692308,2907787686.151434
Feb-18-2022,0.021911002473520437,0.021959696392979955,0.021844238632568992,0.021909607810380552,20318751.638095237,2915533645.976036
Feb-17-2022,0.021884970345954206,0.021938808800126712,0.02186521686570113,0.021916749882940064,28620437.527522936,2965092791.4132237
Feb-16-2022,0.02190295427450764,0.02193313315280932,0.021840684687438165,0.021884970345954206,8822892.66,2963277961.694587
Feb-15-2022,0.02189583312201405,0.0219490216090291,0.021868800143894022,0.02190295427450764,11651762.523364486,2954550609.896648
Feb-14-2022,0.021878711284850347,0.02195504783160532,0.021866637241107968,0.02189583312201405,13904411.857142856,2938510306.889942
Feb-13-2022,0.021895004089464456,0.0219558766033874,0.021764528179005305,0.021878711284850347,1888856.8826086957,2932948364.2695165
Feb-12-2022,0.021955024400053744,0.02207103767273634,0.021844999526519155,0.021895004089464456,3003876.6503145294,2929293171.8646245
Feb-11-2022,0.02187620993034964,0.021982241148884456,0.02184294762862366,0.021955024400053744,8389109.899473852,2914578974.7923746
Feb-10-2022,0.02187219959220408,0.02194177820147566,0.02182416481367111,0.021881887919439808,89156692.53007519,2918933076.8334494
Feb-09-2022,0.02187161969724832,0.022006564395369816,0.021856282200933417,0.02187484939049053,154955083.3482143,2701407462.700477
Feb-08-2022,0.02187280146159632,0.022490078551323976,0.021838693378499557,0.021874413887251774,7443712.538461538,2670128332.04504
Feb-07-2022,0.02188965248596509,0.02194010744054875,0.021831719176542964,0.02187280146159632,4257433.4453125,2669396040.2656617
Feb-06-2022,0.02187869635935956,0.02193531755281605,0.021833511647195065,0.02188965248596509,1042898.9690688775,2533473139.103268
Feb-05-2022,0.02186562585573483,0.02190798627906304,0.021849931496482188,0.02187869635935956,2531758.8859797297,2443675971.8122625
Feb-04-2022,0.021895522955801064,0.0219522490724056,0.021838030009075277,0.021869675012741445,31542438.869109947,2442703167.512266
Feb-03-2022,0.02187105870460907,0.02191554716383091,0.021830907555796468,0.021895522955801064,34306186.96460177,2442446220.5537844
Feb-02-2022,0.021849518384886885,0.021903601207408828,0.021831056562429757,0.02187105870460907,50389892.67326733,2442652437.463165
Feb-01-2022,0.0218833386563051,0.02191081429142917,0.02184606020410177,0.021873127975215075,57182685.41743119,2443250088.9193573
Jan-31-2022,0.02186933276613401,0.022160693107976408,0.021840085704532546,0.0218833386563051,92825780.50396825,2452327839.9558835
Jan-30-2022,0.02183957257150777,0.021908361125954286,0.02182745475697304,0.021866759772396112,145495912.25359043,2554127198.5640593
Jan-29-2022,0.021867121944822307,0.021927183590139256,0.02182946342673108,0.02184540857691669,12821176.165480427,2553815537.412605
Jan-28-2022,0.021892679195850247,0.021894146366216755,0.021803811078077565,0.021867121944822307,7355291.843344156,2552883917.843988
Jan-27-2022,0.02185662400460754,0.021915613291789284,0.021784745239707776,0.02189277442875161,29052151.14391892,2553454284.933672
Jan-26-2022,0.02182948720100432,0.02207944740646624,0.02147145217888453,0.02185662400460754,40595248.36061947,2744915880.0763206
Jan-25-2022,0.021845696699258472,0.022013193685550728,0.02159635225808116,0.021833716722891805,28846297.729257643,2828738691.543076
Jan-24-2022,0.0218697566019192,0.02199657906292776,0.02180294809977752,0.021873500416312565,177537300.06589147,2831915620.0029755
Jan-23-2022,0.0218567039104538,0.02194574586790733,0.02178397654027605,0.02190731911691731,10664010.74663677,2829920222.0182233
Jan-22-2022,0.02186463566621918,0.021937886523858408,0.021756546039019123,0.021837432891869377,41066393.993421055,2971930364.5094438
Jan-21-2022,0.021843736242723667,0.02199911196426466,0.021741594822541947,0.0218269938863372,161673269.04659498,3228997606.1073875
Jan-20-2022,0.021830629372676814,0.022007184998754446,0.02169744832909019,0.021843736242723667,98996591.34042554,3229101633.333178
Jan-19-2022,0.02183488534056648,0.021898999259834944,0.021735871949455417,0.021768982459554987,32327255.58195755,3229698987.117149
Jan-18-2022,0.021830403678266632,0.02188215710416391,0.02180423753288652,0.02184683400490284,19396404.659313727,3228792756.111058
Jan-17-2022,0.02183575807217744,0.021879419811875477,0.02178838285448036,0.021830403678266632,1171958.983386076,3228606669.0882497
Jan-16-2022,0.021840762721996566,0.02197277509710342,0.021720491602643312,0.02183150323797747,10329966.356509164,3209758578.3758473
Jan-15-2022,0.02182271214819497,0.022059184558728916,0.021748042525689286,0.021793872134217383,22131627.608655553,3209076471.1269703
Jan-14-2022,0.021833241810881372,0.021942492890184125,0.021759655023874936,0.02182271214819497,8644538.859795844,3222783444.2361407
Jan-13-2022,0.021860122419696804,0.022050604590763773,0.02167880794405019,0.021833241810881372,25735240.483219974,3212914861.352504
Jan-12-2022,0.02187895980796473,0.02204325200876975,0.021514842975331912,0.021860122419696804,1078959.7685313274,3195158377.176289
Jan-11-2022,0.0218523011472924,0.021912326732983746,0.021805721850153337,0.02187895980796473,13247819.619967988,3192980979.7540092
Jan-10-2022,0.0218675631515501,0.0222620529036645,0.021619284349981685,0.0218523011472924,124903675.63141519,3190301209.9861226
Jan-09-2022,0.021834021195642133,0.021926542692733107,0.0204190235471484,0.0218675631515501,7930870.3465466425,3264576939.530324
Jan-08-2022,0.02178887850372461,0.02207103066877946,0.021754898047640758,0.021834021195642133,25631182.831059143,3337182742.4876223
Jan-07-2022,0.02189673942823779,0.02224148674189119,0.021784845348467065,0.02178887850372461,37476655.544175416,3378168800.236606
Jan-06-2022,0.0218569311004607,0.022128877962475136,0.02117628749942581,0.02189673942823779,19145243.719739027,3410066316.3754487
Jan-05-2022,0.022006590928159608,0.022006590928159608,0.021748623919828222,0.0218569311004607,40515712.34600759,3437815904.469172
Jan-04-2022,0.021808728842791166,0.022006590928159608,0.021220856521856585,0.022006590928159608,12305322.303679163,3481360141.61598
Jan-03-2022,0.02183123428577404,0.021903465736476016,0.02176287136693171,0.02182512015328262,8873957.669784712,3499054907.529514
Jan-02-2022,0.021436142167882064,0.021928040542008503,0.021436142167882064,0.02183123428577404,4810385.509097962,3513174073.6397195
Jan-01-2022,0.02182874935418633,0.021877453112246432,0.021436142167882064,0.021436142167882064,34741342.39874794,3527272465.288172
Dec-31-2021,0.021808995780691832,0.022088655506195428,0.021729610062013332,0.02182874935418633,43713389.60744515,3562176553.0299187
Dec-30-2021,0.021894397224960876,0.021912392918740198,0.021691986602319968,0.021808995780691832,94399360.88466555,3609195146.9366803
Dec-29-2021,0.021825426917852452,0.021932776173139375,0.02177753942355408,0.021894397224960876,56116224.69066191,3736004693.2885776
Dec-28-2021,0.021808981982946854,0.02188888495283508,0.02149761647212772,0.021825426917852452,161784796.2232155,3833200851.9614716
Dec-27-2021,0.02183171388031682,0.02192438258170761,0.021487235297265986,0.021808981982946854,23215924.412987445,4008088006.242724
Dec-26-2021,0.02179133284879093,0.021876230280601486,0.02173188557840252,0.02183171388031682,133509345.7278294,4037970554.460417
Dec-25-2021,0.021777133112751375,0.02187502649235292,0.021776644718531687,0.02179133284879093,63484873.46807623,4233923937.2561245
Dec-24-2021,0.021840082364085293,0.02203692117650304,0.021699806891519575,0.021777133112751375,45568537.16664587,4242149116.984858
Dec-23-2021,0.021844746360909557,0.021950792309725423,0.021768131024823875,0.021840082364085293,15080543.6392499,4308183769.470646
Dec-22-2021,0.02180392982405291,0.021931442872226158,0.021742055689575598,0.021844746360909557,23435991.29881432,4324581334.306423
Dec-21-2021,0.021835057066025714,0.022068371003789618,0.021786260990889095,0.02180392982405291,10515826.280157669,4298731339.479136
Dec-20-2021,0.021858414704305523,0.02193811699264921,0.021771949001471953,0.021835057066025714,20031047.465776373,4278316970.788912
Dec-19-2021,0.02179486364363437,0.021910884603610695,0.021683273209083663,0.021858414704305523,46531251.40519217,4272170348.3828635
Dec-18-2021,0.02181426079875469,0.02196621684341437,0.021718891548857255,0.02179486364363437,16134495.820250044,4325324887.133056
Dec-17-2021,0.021802619417975268,0.02186319228281266,0.021657816665953938,0.02181426079875469,26874687.72515197,4298503182.084873
Dec-16-2021,0.021794640740268434,0.021840545187794633,0.021699392672558757,0.021802619417975268,34880218.143781476,4267069053.2079554
Dec-15-2021,0.02172736608337132,0.021828843170227947,0.021727049631795062,0.021794640740268434,46867845.91238559,4322509090.320195
Dec-14-2021,0.021787903520666726,0.022200025610196194,0.02167705563478807,0.02172736608337132,110206365.58166605,4364955864.884544
Dec-13-2021,0.02176777396420467,0.021852444356316537,0.02167708912596904,0.021787903520666726,68367437.09693114,4546474705.904621
Dec-12-2021,0.02175175292704595,0.021922894794124213,0.021641897926890436,0.02176777396420467,5957804.752953757,4603279224.915793
Dec-11-2021,0.02188571384700742,0.02188571384700742,0.0216997608465024,0.02175175292704595,6994595.363205866,4610817088.620369
Dec-10-2021,0.02174547300276873,0.021941525551209203,0.021652944923353547,0.021777623182001302,13430729.38421006,4620235161.428442
Dec-09-2021,0.02187327283663502,0.021962652643461655,0.02169769068438658,0.021787344141245075,4816528.090243445,4636885889.112036
Dec-08-2021,0.021745147562114927,0.021806183424109876,0.02164377390381858,0.02169913035816025,6349860.419921407,4636410248.7096195
Dec-07-2021,0.021768633558954854,0.021861312093580915,0.021697510715696523,0.021745147562114927,12566108.855437487,4647358660.640648
Dec-06-2021,0.02172840426941172,0.021907841478306364,0.021623312007968257,0.021768633558954854,23950058.65786378,4661123210.145067
Dec-05-2021,0.021690188851775385,0.02197952426366216,0.02143139781624493,0.021638774106091985,3116265.0020501,4688307951.6500025
Dec-04-2021,0.021746168553899263,0.021901134866149807,0.02161922803295095,0.021690188851775385,31846560.75564434,4681614603.139177
Dec-03-2021,0.021714462402563174,0.021854601358551794,0.021568605805179584,0.021746168553899263,33729985.41303551,4734935024.07329
Dec-02-2021,0.021736129698293933,0.02180400878468968,0.02155944584799098,0.021754225311977942,3536272.453355189,4764895524.97408
Dec-01-2021,0.02173409047225708,0.02185312261009753,0.02150532370166169,0.02170216708423279,5203179.662575398,4769269356.416964
Nov-30-2021,0.021947436389223675,0.021947436389223675,0.021619485930614208,0.02173409047225708,9149172.646828141,4772247223.765692
Nov-29-2021,0.02174897835129989,0.021792605525144518,0.0215828621921663,0.021719186529282078,3332525.8004782996,4765703296.7944765
Nov-28-2021,0.02173065106553601,0.02182509035982737,0.021645007261214266,0.02174897835129989,193545646.79582608,4771890803.546757
Nov-27-2021,0.02172589606264065,0.021881034273724818,0.02166865479914769,0.02166865479914769,43535364.03465845,4482972654.082276
Nov-26-2021,0.021817903259464578,0.021817903259464578,0.021672415822144953,0.02173859198096641,4739928.015966237,4438540095.052258
Nov-25-2021,0.02181463997367724,0.02191420839677346,0.0216173507938413,0.02166387897525045,3934553.7123009,4441202245.801972
Nov-24-2021,0.021812003231539822,0.02196206929285303,0.021628983722716304,0.021676422390734567,7210276.35522813,4451942712.919453
Nov-23-2021,0.021705502203742174,0.021790273498374833,0.021628843271198017,0.021737329045733587,6367771.256288241,4455760052.338779
Nov-22-2021,0.021765788823209693,0.022029728385995175,0.021585387335568345,0.021741545847627042,2843751.485828204,4463606659.503477
Nov-21-2021,0.02173440957122442,0.02178528331655776,0.021410765560007913,0.021656283521323934,2476560.519469729,4458185828.027153
Nov-20-2021,0.02183372093999038,0.02193256519016737,0.021711378729393566,0.021836470110023678,124463263.15752792,4490174646.869132
Nov-19-2021,0.02178297761936684,0.02195250831941878,0.021671693960541034,0.021783451617611096,67938999.02977768,4626454499.6628
Nov-18-2021,0.02179724270910399,0.021944235742690162,0.021640852292253186,0.021778647592822595,58171097.08148518,4613396616.483444
Nov-17-2021,0.021809122656945894,0.021845873708589827,0.02157161660847259,0.021636432149861457,70555757.7749125,4531608290.124446
Nov-16-2021,0.021743471662064928,0.02191033758879178,0.021687420116255875,0.021789293052315716,17553479.114364475,4489164491.357277
Nov-15-2021,0.021815100228686855,0.021942540381164454,0.021411413424412048,0.021734129136512806,6489716.80020145,4489509185.420726
Nov-14-2021,0.021832824733561237,0.021873900081555906,0.021699721424912905,0.021768986763209777,9767929.544750996,4494408194.547222
Nov-13-2021,0.021798401521301247,0.02183146693578964,0.021686437208383758,0.02180636974623122,2053079.3541842264,4483238202.32583
Nov-12-2021,0.02176702835840315,0.02192346891456906,0.02110918955762869,0.02176932971451638,8816021.16802073,4479269589.157818
Nov-11-2021,0.021776636743328,0.021873380605990755,0.021671264699362616,0.02178682481460421,36194813.91285637,4478944155.668339
Nov-10-2021,0.021659947141016808,0.0218165769562127,0.021645219419476485,0.02175341246832369,22784642.11960614,4431069991.829396
Nov-09-2021,0.021843449329789898,0.02204636413962155,0.021666021297549062,0.021745609153782337,24614202.418600347,4400846210.16173
Nov-08-2021,0.021764047486844622,0.021799515195267828,0.021709825780640856,0.021756533998366523,27611064.575132653,4373941586.855913
Nov-07-2021,0.022044759676927827,0.022044759676927827,0.020878770414970004,0.022014063537574582,112117941.11088793,4342165451.233451
Nov-06-2021,0.021770031233665305,0.021812877240627807,0.021698313349149984,0.02176560663490722,27063359.749482583,4174740344.887886
Nov-05-2021,0.02180060080541947,0.02185882388069666,0.021660678392576137,0.021754975803510698,8120881.392432203,4159587747.1277957
Nov-04-2021,0.021696256167496358,0.021877812158013408,0.021637970001333422,0.021714762945862952,109960390.62174158,4105962824.584583
Nov-03-2021,0.02171051884079284,0.021847166533402667,0.021555404018344004,0.021696256167496358,17089390.980175883,3989507653.5238853
Nov-02-2021,0.021622807440170033,0.021761928167400864,0.021599561037732275,0.02171051884079284,11873529.189269017,3963830275.89037
Nov-01-2021,0.021695415376164814,0.02172439273084382,0.021573369663137578,0.021689349476876237,42041903.92001567,3952041984.3074546
Oct-31-2021,0.021722874319916256,0.02179438092482154,0.021396417768421664,0.021695415376164814,4805788.353432944,3897211622.7728567
Oct-30-2021,0.02172623362810467,0.021799823415415517,0.021616145644034558,0.021722874319916256,27166272.983177386,3899280937.497697
Oct-29-2021,0.021728745475254798,0.021812639978892965,0.021684619881314867,0.02172623362810467,42898670.77902525,3879521096.9127865
Oct-28-2021,0.02175651417957326,0.021996618581603938,0.021638917011835134,0.021728745475254798,8318279.8799581425,3852438901.56323
Oct-27-2021,0.02167326249227856,0.02195847851098387,0.021639197540530508,0.02175651417957326,16611910.228517035,3848921936.1241674
Oct-26-2021,0.0218724890006083,0.0218724890006083,0.02159485687018156,0.021609669077355766,46692001.96235782,3854103266.4388943
Oct-25-2021,0.021770554673568074,0.0218724890006083,0.021694887089336992,0.0218724890006083,15765361.820391638,3922133381.710895
Oct-24-2021,0.021694939185112335,0.021832555339599,0.02161496455089389,0.021770554673568074,10558741.266161134,3939543910.3582783
Oct-23-2021,0.021837369759514322,0.021837369759514322,0.021544260438795825,0.021694939185112335,1118791.393979156,3943121177.198097
Oct-22-2021,0.02171032571509145,0.02184810516677443,0.02161519545837738,0.021837369759514322,5992323.04361777,3944968255.3290634
Oct-21-2021,0.021655225406637245,0.021810654730852037,0.020809721241239105,0.02171032571509145,67973925.76636046,3940435198.4338236
Oct-20-2021,0.0217108548577064,0.021840772113946774,0.021557292146096935,0.021655225406637245,24331381.808073062,4032321554.789589
Oct-19-2021,0.021639849544830336,0.021789999159209473,0.021609037855023404,0.0217108548577064,26965614.952910386,4056979572.3463497
Oct-18-2021,0.02165829019532973,0.02176223632450261,0.02159077999887625,0.021639849544830336,18716555.0175527,4084423016.9086947
Oct-17-2021,0.021650821332018844,0.021855885808081687,0.021555720812681936,0.02165829019532973,6810394.396105289,4087587672.148019
Oct-16-2021,0.02176670185028244,0.021867550385784824,0.021572404031006825,0.021650821332018844,27065850.387723975,4100663737.846511
Oct-15-2021,0.02169117544337288,0.021781634368584976,0.021612590934666883,0.02176670185028244,25285376.38513381,4143254974.389799
Oct-14-2021,0.021713575391392542,0.021908127025306565,0.021627264382025203,0.02169117544337288,22870712.353192415,4151432764.912975
Oct-13-2021,0.021740912088982538,0.021769829376193435,0.021316930858386252,0.021713575391392542,460831650.1539827,4154035023.1016507
Oct-12-2021,0.021702697545909908,0.021797705218945522,0.021625177977083056,0.021740912088982538,442443454.91610354,3238496989.7824116
Oct-11-2021,0.021821265845447864,0.021821265845447864,0.02159755925646607,0.021702697545909908,47793971.708496064,2740019305.9052296
Oct-10-2021,0.02171282215765842,0.021821265845447864,0.021626295405718973,0.021821265845447864,25045372.329718586,2695319757.311766
Oct-09-2021,0.021671916513235,0.02183247772373597,0.021572554186208327,0.02171282215765842,10415348.242897453,2665854648.456107
Oct-08-2021,0.02170216755592117,0.02177124155938562,0.021640400293778183,0.021671916513235,20415093.80058913,2654199536.022351
Oct-07-2021,0.021693980478699165,0.021810245469453572,0.021534087553203733,0.02170216755592117,27942058.117073335,2648134194.466621
Oct-06-2021,0.02163562620453396,0.021868565475911136,0.021078810351548037,0.021693980478699165,43588022.53321287,2669526516.5294795
Oct-05-2021,0.021666535202897047,0.02175131435436877,0.02154497094389141,0.02163562620453396,128069828.10569078,2579324961.1164374
Oct-04-2021,0.021826539096904633,0.021826539096904633,0.021640122211670516,0.021666535202897047,50168930.6365948,2568144912.266191
Oct-03-2021,0.02168916779569835,0.021826539096904633,0.02158522038447422,0.021826539096904633,10060958.88917073,2619929772.308008
Oct-02-2021,0.021668976025621237,0.02176412836548515,0.021466987239041505,0.02168916779569835,1719579.1424652832,2614324027.35875
Oct-01-2021,0.021670004124530177,0.021735099590253694,0.021599244952726238,0.021668976025621237,4575724.291724297,2619456957.455472
Sep-30-2021,0.021785054110539697,0.021785054110539697,0.021594161525566154,0.021670004124530177,44468265.99154379,2612102008.7183547
Sep-29-2021,0.02170509537593393,0.022137524959031103,0.02163037966890747,0.021785054110539697,1135932791.0874476,3134328268.675176
Sep-28-2021,0.021733048439942133,0.0217616292409496,0.02162320281939734,0.02170509537593393,63290595.402980804,4439059590.422161
Sep-27-2021,0.02151415036586878,0.0217637208342556,0.02151415036586878,0.021733048439942133,93879967.11811043,4351953147.075485
Sep-26-2021,0.021674788589743147,0.021740327406418992,0.02151415036586878,0.02151415036586878,122073863.49523833,4196057325.210909
Sep-25-2021,0.021691980358750394,0.021727770673275956,0.021384904774396245,0.021674788589743147,12771142.930049952,4074573865.7327914
Sep-24-2021,0.021673727123929187,0.021812681850605007,0.02160450759567948,0.021691980358750394,31876084.030349527,4094012848.783125
Sep-23-2021,0.021700526164686488,0.021868967159115002,0.021310301976331873,0.021673727123929187,11612432.743814202,4059858993.502277
Sep-22-2021,0.021594535496533382,0.021775615906043634,0.02154275628231602,0.021700526164686488,1786035.986497947,4052918883.123275
Sep-21-2021,0.02166183434564708,0.022325497612438596,0.021580866169432746,0.021594535496533382,218063973.42564672,4065956948.1311417
Sep-20-2021,0.02157314094242204,0.021743843374569475,0.021423873520478743,0.02166183434564708,205280653.821569,4323831198.95847
Sep-19-2021,0.021688527592944547,0.021770721224220625,0.021497595042387452,0.02157314094242204,44284189.32914147,4606623144.688444
Sep-18-2021,0.021704350959451287,0.021708509784918426,0.021616904652194038,0.021688527592944547,44977895.13330634,4643122485.358111
Sep-17-2021,0.021708381620820283,0.021748037807327286,0.02161099513428892,0.021704350959451287,4981095.667811327,4595123704.067173
Sep-16-2021,0.021625569363880933,0.021794560646075628,0.021574538484516927,0.021708381620820283,18104401.396748755,4585403800.035085
Sep-15-2021,0.021546687525128512,0.021730527525900045,0.021546687525128512,0.021625569363880933,13328804.068719842,4558040574.212831
Sep-14-2021,0.021633020195557483,0.02169006371221915,0.021546687525128512,0.021546687525128512,26253117.020579062,4559257374.430434
Sep-13-2021,0.02164368123921557,0.021765293457422487,0.021602413286248755,0.021633020195557483,2637474.984760737,4590166835.0221815
Sep-12-2021,0.021537999448044482,0.022257062906323635,0.021537999448044482,0.02164368123921557,6314617.06188537,4594020796.198673
Sep-11-2021,0.021640514829728747,0.021697014070798076,0.021537999448044482,0.021537999448044482,23134232.827635422,4598037550.215717
Sep-10-2021,0.02158073931146967,0.02170957300433131,0.021539089706200113,0.021640514829728747,92184535.31551339,4637623223.452719
Sep-09-2021,0.021739408339656898,0.0217450498463233,0.021574233797689333,0.02158073931146967,2164274.0385258463,4739224861.875891
Sep-08-2021,0.021592655451183804,0.021740738698962127,0.021592655451183804,0.021739408339656898,21631059.834308602,4741693132.613772
Sep-07-2021,0.02168620377209063,0.021737095660414974,0.021552583236010687,0.021592655451183804,13993566.482531961,4702047176.350231
Sep-06-2021,0.02160065245225695,0.02187170989043006,0.021518400449691614,0.02168620377209063,67294019.98862904,4708734017.133503
Sep-05-2021,0.021545787126640896,0.021646354186500866,0.021531714933025352,0.02160065245225695,19475040.682204667,4610204297.788746
Sep-04-2021,0.021594051606338635,0.021614423416039374,0.021524047934237938,0.021545787126640896,19439030.469589286,4591576523.631971
Sep-03-2021,0.021609954112877798,0.02162485126240545,0.02154941215222195,0.021594051606338635,15038131.090698358,4569114895.858934
Sep-02-2021,0.021572877931320598,0.021747996404493812,0.02132786304779185,0.021609954112877798,88091436.98727378,4562958035.300941
Sep-01-2021,0.02153518826087276,0.021636547140876886,0.021517518482475365,0.021572877931320598,49184563.73758714,4435350221.784742
Aug-31-2021,0.021684308010091954,0.02169339421697209,0.02153518826087276,0.02153518826087276,3035353.615108815,4388459942.627012
Aug-30-2021,0.021633921519508555,0.02175796017038976,0.02153837281497272,0.021684308010091954,3295100.98623593,4396442693.84156
Aug-29-2021,0.021658542088531248,0.021694576237835696,0.02156892166809516,0.021633921519508555,15294415.271947911,4398601453.50637
Aug-28-2021,0.021653416584884046,0.02173186051699535,0.02144319973876629,0.021658542088531248,15274329.73253896,4415661852.934817
Aug-27-2021,0.021596149569267278,0.021664890223328046,0.021585656304950393,0.021653416584884046,5563799.432614374,4397179378.230518
Aug-26-2021,0.02158546913497266,0.021738960129588418,0.02156122985885922,0.021596149569267278,10969078.871799964,4394905642.110337
Aug-25-2021,0.02161031078784413,0.02165408442503279,0.02154415471130613,0.02158546913497266,22012644.64575494,4407429467.501308
Aug-24-2021,0.021753121315216808,0.022351137710826086,0.021561135240627645,0.02161031078784413,8443753.009673197,4422251221.422992
Aug-23-2021,0.021633829869214204,0.021753121315216808,0.02151606084368063,0.021753121315216808,29630688.952405885,4420262882.338121
Aug-22-2021,0.021556081172851325,0.022403824797317888,0.021521252952770645,0.021633829869214204,28941392.8043007,4427251124.624088
Aug-21-2021,0.021567841284118445,0.021608850761085163,0.02151249195785054,0.021556081172851325,8422706.574093513,4456928428.574626
Aug-20-2021,0.021634467803916826,0.021669791252302853,0.021387339031491502,0.021567841284118445,9082442.569318566,4471764844.740292
Aug-19-2021,0.0215930627018478,0.02207244431909133,0.021526753391603343,0.021634467803916826,5032578.4441225,4483026411.039307
Aug-18-2021,0.02153508089623717,0.021640780403486982,0.02153508089623717,0.0215930627018478,22512606.405035403,4489464136.690227
Aug-17-2021,0.021597971102708894,0.021679013409247338,0.021514792102883488,0.02153508089623717,2586451.199932154,4514362300.20589
Aug-16-2021,0.021539614103137608,0.0216406146340352,0.02143883524111235,0.021597971102708894,10159836.098263362,4511288347.045872
Aug-15-2021,0.02156042163881337,0.021681375118832533,0.021479789700026695,0.021539614103137608,20691435.4629852,4498806735.649891
Aug-14-2021,0.02162307590308888,0.02180444173244122,0.02145286266185215,0.02156042163881337,12356872.091466751,4493090336.889626
Aug-13-2021,0.021642105850430148,0.021658260133135515,0.021408459742483156,0.02162307590308888,21520393.6837002,4469158482.615998
Aug-12-2021,0.021592514593898514,0.021775644137523434,0.02148518510027325,0.021642105850430148,14104152.912028661,4462569356.542389
Aug-11-2021,0.021577644286701586,0.021684507696698607,0.021461921817342022,0.021592514593898514,13527365.101590497,4460789654.753556
Aug-10-2021,0.021565910797542352,0.021605705672316757,0.02150758769028096,0.021577644286701586,29042738.054683648,4466380477.571397
Aug-09-2021,0.021538210632710112,0.021661926203741678,0.021447156445502814,0.021565910797542352,46455388.42577183,4429763945.242012
Aug-08-2021,0.021539415341646634,0.02182657137765137,0.02145357992492903,0.021538210632710112,60909537.90705249,4450222537.227115
Aug-07-2021,0.021580100929920548,0.02163411567524832,0.021447577071438424,0.021539415341646634,78113611.34345306,4376871781.443554
Aug-06-2021,0.02157668749225681,0.021769494060099922,0.021459013301827135,0.021580100929920548,73457332.89177874,4276573446.295942
Aug-05-2021,0.021582058669685517,0.02175339802386893,0.021511026514281405,0.02157668749225681,57616455.09015412,4192902411.487698
Aug-04-2021,0.021568719750567924,0.021748173539832105,0.021362997138164575,0.021582058669685517,24950537.877962276,4180982187.242024
Aug-03-2021,0.021690613708995842,0.021698090709603608,0.021309011481463233,0.021568719750567924,48445630.43765803,4169459457.648639
Aug-02-2021,0.02163893218803982,0.021727965602877035,0.02152172794988689,0.021690613708995842,422584733.6574227,4128244168.2313213
Aug-01-2021,0.021604721410211147,0.021723375063713992,0.021409851522818196,0.02163893218803982,4245754.337790448,4615162093.946599
Jul-31-2021,0.021573979417746043,0.02174152517961085,0.021233682336879594,0.021604721410211147,54635255.874003045,4593985766.42727
Jul-30-2021,0.02164390471820054,0.021660593429454908,0.0215359156432138,0.021573979417746043,85099640.77872336,4659319155.057322
Jul-29-2021,0.021515266956064805,0.02164444229923388,0.021264300956376426,0.02164390471820054,838481606.5463369,4710938864.155535
Jul-28-2021,0.02155825954965198,0.02164788441707386,0.021431266689075804,0.021515266956064805,598153085.6010642,3547319888.5007057
Jul-27-2021,0.02154887270887092,0.021654290045861217,0.02140298452150249,0.02155825954965198,298141018.368327,4180173404.711694
Jul-26-2021,0.02136786607787517,0.021762424764742855,0.02136786607787517,0.02154887270887092,21184532.079420373,4406178547.19025
Jul-25-2021,0.021602479202146568,0.02183714481562282,0.02136786607787517,0.02136786607787517,44154044.13280428,4370079895.794135
Jul-24-2021,0.021502947277643195,0.02162200781897301,0.021502679009155624,0.021602479202146568,108288268.2936632,4311894220.769065
Jul-23-2021,0.021512910496373997,0.02168159538399502,0.021502947277643195,0.021502947277643195,67914651.58677244,4154469457.707791
Jul-22-2021,0.02159874472887443,0.021614006034435106,0.021499760278459512,0.021512910496373997,30655746.010891385,4086351415.6376486
Jul-21-2021,0.021710328925481668,0.021710328925481668,0.021475874926969066,0.02159874472887443,25997778.682547435,4043810263.7158628
Jul-20-2021,0.021596350737222096,0.02185483839740241,0.021493335641293607,0.021710328925481668,40235879.035918765,4027732749.632931
Jul-19-2021,0.021563696376645614,0.021678775822896408,0.02152649008195132,0.021596350737222096,29580085.12427476,3988762918.1115255
Jul-18-2021,0.02165621001434296,0.02165621001434296,0.021546812797971725,0.021563696376645614,38888780.11790119,3982132093.341506
Jul-17-2021,0.02157831509985403,0.021673643692031716,0.02154580543037996,0.02165621001434296,11956641.135661729,3934273086.323517
Jul-16-2021,0.021551674868732835,0.021643383851826115,0.021511730644196054,0.02157831509985403,33247126.27177069,3918894176.0098715
Jul-15-2021,0.021642697115568873,0.021642697115568873,0.02152105559088638,0.021551674868732835,138961210.64865267,3856550232.016436
Jul-14-2021,0.02157740561486404,0.02175905932673716,0.021384944005904703,0.021642697115568873,151641466.00238973,3633460440.5440574
Jul-13-2021,0.021622969312595556,0.021816943718540885,0.0215379963548476,0.02157740561486404,95510314.24336933,3453845155.633007
Jul-12-2021,0.021575681828634685,0.02163489441866614,0.02139309246291811,0.021622969312595556,45729949.817311585,3353240028.4772835
Jul-11-2021,0.021543876509044088,0.02163210680378842,0.021287959660067444,0.021575681828634685,101412904.68001758,3285487541.2332897
Jul-10-2021,0.02155070176124373,0.02168341821717715,0.021533620083799915,0.021543876509044088,86322999.3956558,3180270045.730802
Jul-09-2021,0.021572157667292848,0.021631909090747633,0.02151654705392032,0.02155070176124373,73938328.39145422,3053006926.2570353
Jul-08-2021,0.02157614731313458,0.021628790282319732,0.021517124959250077,0.021572157667292848,13985259.989545144,2986949461.0876303
Jul-07-2021,0.021608778568717943,0.021644892832984045,0.021268109887394,0.02157614731313458,22670088.78240544,3006265196.7863793
Jul-06-2021,0.02157321938554879,0.021617452183450132,0.021513227750559045,0.021608778568717943,12663184.21626151,2978566815.804388
Jul-05-2021,0.021579817671451347,0.021750744710901312,0.021462073614972526,0.02157321938554879,61510836.988680035,2967968460.3675213
Jul-04-2021,0.02158011450261267,0.021691742179143936,0.021554235984107606,0.021579817671451347,266400828.01048777,2808192519.330994
Jul-03-2021,0.02159995198898287,0.021631723687055737,0.021492928035086487,0.02158011450261267,11823817.559662051,2530231249.6613193
Jul-02-2021,0.021609960158560183,0.021914502166823887,0.021519860298192653,0.02159995198898287,43561313.049325466,2517693697.7128706
Jul-01-2021,0.021636449809162846,0.0217216387973823,0.021347706864184343,0.021609960158560183,21701988.328350592,2457439501.135703
Jun-30-2021,0.021579783507500484,0.021642451342036264,0.021309030024869974,0.021636449809162846,87814294.54167,2440433311.9667153
Jun-29-2021,0.021407444855573395,0.021620261111662046,0.021329202350545008,0.021579783507500484,658806125.6852665,2222492920.1628857
Jun-28-2021,0.021566201127838473,0.021660884004845303,0.021407444855573395,0.021407444855573395,169918776.13830107,2737302919.6602664
Jun-27-2021,0.021621164676868275,0.02166534120325834,0.02146878965555423,0.021566201127838473,31335605.424262967,2764217598.857672
Jun-26-2021,0.021601745270801956,0.0216642639772134,0.02148895472524085,0.021621164676868275,19166762.45696441,2756885420.376075
Jun-25-2021,0.021651118277374832,0.02177783958117658,0.02118798011690015,0.021601745270801956,35181052.31948777,2783719867.9268813
Jun-24-2021,0.021470611012278668,0.021939723965143636,0.02136973207051729,0.021651118277374832,31798294.340877578,2815280715.3646812
Jun-23-2021,0.021752984499953713,0.02178768557322715,0.021466997528204284,0.021470611012278668,21227489.20486871,2849741012.3355074
Jun-22-2021,0.02156452239279741,0.021752984499953713,0.021414673483928986,0.021752984499953713,194186071.9000114,2839002437.27878
Jun-21-2021,0.021429356988434914,0.022988608370980008,0.021370920702737335,0.02156452239279741,320312320.6423579,2592661543.1669703
Jun-20-2021,0.021520290978668047,0.02173911004741148,0.021221797112165885,0.021429356988434914,159073507.05269125,3024831273.2499576
Jun-19-2021,0.021580995221197292,0.021926388300298926,0.0214419684987767,0.021520290978668047,221921628.09873742,3187750401.5948434
Jun-18-2021,0.021488345070111887,0.021662658687522762,0.021468985934802412,0.021580995221197292,58413119.46978615,3434505492.2415752
Jun-17-2021,0.02172553995091385,0.021903747735516895,0.02138877744885893,0.021488345070111887,156832821.37622112,3584233514.407962
Jun-16-2021,0.021472087590412293,0.02172553995091385,0.021329503305050054,0.02172553995091385,214520246.73235026,3764720005.0023875
Jun-15-2021,0.02158138951321764,0.021609167014507664,0.021472087590412293,0.021472087590412293,58070052.08314623,4034103385.5239706
Jun-14-2021,0.02156208044790573,0.021687143144325953,0.02141441044547603,0.02158138951321764,102991724.29351321,3945951815.9001713
Jun-13-2021,0.021510450826535302,0.021729051796558645,0.0214366957091054,0.02156208044790573,69401882.12736368,3822773008.6981354
Jun-12-2021,0.021567290436713085,0.02166193628075462,0.02135242411187895,0.021510450826535302,39131308.28127821,3753889348.638599
Jun-11-2021,0.021479153031355502,0.021608552822028556,0.021450357860147158,0.021567290436713085,146908603.5083489,3734962384.6815653
Jun-10-2021,0.02149349355442228,0.02166479503412479,0.02145286216630314,0.021479153031355502,30111195.550548784,3941625208.3007913
Jun-09-2021,0.021542370208504757,0.021650653338697902,0.021225712176158224,0.02149349355442228,418303478.57703143,3933156357.9982977
Jun-08-2021,0.021435716186232863,0.02202129948484058,0.02137378644906756,0.021542370208504757,72042532.47670618,3447357304.0142665
Jun-07-2021,0.021406300228196465,0.022071136996718782,0.021406300228196465,0.021435716186232863,97312399.8134942,3436419052.2534475
Jun-06-2021,0.021569498583495213,0.021569498583495213,0.021406300228196465,0.021406300228196465,40226804.04342404,3373733369.8324165
Jun-05-2021,0.021473120155177598,0.021689917637556753,0.021079108872188806,0.021569498583495213,30826389.073724117,3332313934.013185
Jun-04-2021,0.0214735579644522,0.021610350649185713,0.021230946081407298,0.021473120155177598,12039577.071961474,3379496990.5846424
Jun-03-2021,0.021525520528312785,0.021710756234438678,0.02136202055212139,0.0214735579644522,12286911.433419004,3377083402.326441
Jun-02-2021,0.02151288483226174,0.021674601477109853,0.02138458889223587,0.021525520528312785,31088560.136698782,3365890820.375897
Jun-01-2021,0.021484688058907103,0.02166313709826294,0.02127990816436143,0.02151288483226174,47774158.711946465,3312686690.210286
May-31-2021,0.021483177426391244,0.02163790112196634,0.021411542059941616,0.021484688058907103,38244079.00955662,3249178831.254516
May-30-2021,0.021485689879179266,0.021551187929655897,0.021253372484331116,0.021483177426391244,40977188.940191865,3192846575.2351093
May-29-2021,0.02136411576170327,0.021627844116774406,0.021251723410058692,0.021485689879179266,50591988.86628735,3150624889.7177043
May-28-2021,0.021599879061145428,0.021728966172042365,0.0211182384114217,0.021426037237809167,58655078.466688804,3127937959.765011
May-27-2021,0.021468609514289697,0.021798060001727557,0.02113184775375185,0.02166165981069096,38253523.56382725,3100518440.730874
May-26-2021,0.021441248019657817,0.021543707113499014,0.021302029940043137,0.021420703732841526,94724699.67538325,3098329504.8765125
May-25-2021,0.02206450374383425,0.022221157623611803,0.020562502413947532,0.021427549730591227,18938649.65558788,2996832438.366204
May-24-2021,0.021519079147526137,0.02206450374383425,0.02116382208708262,0.02206450374383425,34343639.909752004,2904665613.4536796
May-23-2021,0.022459193219179063,0.022495983312417152,0.021176445701801685,0.021519079147526137,217803344.71723938,2783112920.680743
May-22-2021,0.021441333495094035,0.022459193219179063,0.020654812228419923,0.022459193219179063,186560697.55575648,3022473497.2859426
May-21-2021,0.021422124273158746,0.02162146170198716,0.02120561753420035,0.021441333495094035,11422662.148545183,3208693236.77282
May-20-2021,0.02155684754434178,0.022076735087339955,0.021278166085353472,0.021422124273158746,64602090.73711208,3210346607.5853276
May-19-2021,0.021546758314275355,0.022010031817412228,0.02087500031754378,0.02155684754434178,529290378.74446607,3229852924.94956
May-18-2021,0.021426641586542734,0.022753295025990418,0.02103197084191001,0.021546758314275355,235271270.74031907,4016587358.5249023
May-17-2021,0.02169402194652335,0.02169402194652335,0.020563845864794743,0.021426641586542734,69013985.08182357,4208571115.5598254
May-16-2021,0.021587017190941405,0.02169402194652335,0.021075997676769268,0.02169402194652335,148262536.6053363,4102792730.204739
May-15-2021,0.021271672349965805,0.021676743981615242,0.021188258464365003,0.021587017190941405,175927013.77231586,4104894640.6699243
May-14-2021,0.021473113739978584,0.021801298496250385,0.021175805007668705,0.021271672349965805,175420878.7263057,4251437333.4474998
May-13-2021,0.02132718747181975,0.02152325571498982,0.02132117704932028,0.021473113739978584,264773044.59887123,4511248253.548984
May-12-2021,0.021465231819304844,0.021759913384771432,0.021299148245454612,0.02132718747181975,157108741.4218426,4880208169.250143
May-11-2021,0.021384789214105984,0.021465231819304844,0.021082602915696948,0.021465231819304844,78792292.15025775,4922317937.180058
May-10-2021,0.021312113036136424,0.021575207761363097,0.02124209510045357,0.021450197935027525,45622961.522254966,4856632338.188204
May-09-2021,0.021420027813893277,0.021507822136613102,0.021312113036136424,0.021312113036136424,66032369.822183475,4782239487.617001
May-08-2021,0.021439306263896014,0.02156312603024394,0.02122107273702284,0.021420027813893277,82491872.79591495,4682481727.763726
May-07-2021,0.021469868521301803,0.02153035345354234,0.021334894357403385,0.021439306263896014,80820588.35245568,4593556741.163104
May-06-2021,0.021433765281736943,0.021502645742703524,0.021293451150501224,0.021469868521301803,195874349.20661485,4444097302.301595
May-05-2021,0.021341920514021267,0.02176549681034388,0.021238934503610137,0.021433765281736943,265770899.34874952,4184133392.969708
May-04-2021,0.02142463180248021,0.021561530364476774,0.02127819057796821,0.021341920514021267,164214343.5737006,3827523518.0170245
May-03-2021,0.021394254032507106,0.021534508563491532,0.021311522914078417,0.02142463180248021,28025569.315380502,3669978709.9473143
May-02-2021,0.02140372592867258,0.022202285024973206,0.02131442857940569,0.021394254032507106,36592393.32161658,3630026856.898381
May-01-2021,0.02143506324947118,0.021487028573884053,0.021301703758661243,0.02140372592867258,31847014.64659834,3592089402.4619837
Apr-30-2021,0.021426624850117194,0.021478271288370748,0.02135636866738119,0.02143506324947118,48536627.47365867,3583043063.611694
Apr-29-2021,0.02152658192037074,0.021741819801097628,0.021182416504986624,0.021426624850117194,75692628.70598261,3545347924.58383
Apr-28-2021,0.021389261073154194,0.02164326542446682,0.021221144167064703,0.02152658192037074,16922310.326400544,3432316605.714033
Apr-27-2021,0.021348809591305768,0.021443134192241153,0.02084713066995677,0.021389261073154194,12336414.344502972,3406626319.0829697
Apr-26-2021,0.021499645070695447,0.021506576045260756,0.021248549264109014,0.021348809591305768,63833866.636139594,3412986500.2426624
Apr-25-2021,0.02135966782411902,0.021509288505133835,0.021219981185609162,0.021499645070695447,21264194.864073593,3328171044.7623234
Apr-24-2021,0.021342129554871678,0.02145954553285941,0.02075699956435937,0.02135966782411902,26904778.065336164,3319980899.9373856
Apr-23-2021,0.021432524627071278,0.021552350396032018,0.02132197160611059,0.021342129554871678,143485190.149535,3290642081.1081653
Apr-22-2021,0.02139869631820993,0.02173308400509653,0.02114127211853566,0.021432524627071278,57062221.62543997,3096512704.2056255
Apr-21-2021,0.021441725255460564,0.021620739130622717,0.021202153940648897,0.02139869631820993,68425117.05407807,3031925581.738343
Apr-20-2021,0.02139463847380624,0.02152265159369334,0.02116240610968448,0.021441725255460564,92855381.75375551,2922196189.636317
Apr-19-2021,0.021292659312880564,0.021521054962661074,0.020967224510035545,0.02139463847380624,18316391.143422,2824496725.109414
Apr-18-2021,0.02134330518184597,0.021438998542466954,0.02123308500136403,0.021292659312880564,707571304.2827246,2855675453.642129
Apr-17-2021,0.02139671337315234,0.02161717398263672,0.021231205208222068,0.02134330518184597,78459485.9997479,3638894680.1374264
Apr-16-2021,0.021370783783329423,0.021474244659651302,0.021284532406142965,0.02139671337315234,15565083.231851637,3551383450.735811
Apr-15-2021,0.021341389286045342,0.02145913201395271,0.021296376957252623,0.021370783783329423,41590206.30031203,3541944851.1917953
Apr-14-2021,0.021383850010770783,0.0214298581727127,0.021331299993405644,0.021341389286045342,50394405.532903284,3481213651.6350203
Apr-13-2021,0.021346818031313032,0.021471390762253104,0.021152409986240676,0.021383850010770783,46304387.38595286,3410609454.445766
Apr-12-2021,0.021290266399756494,0.021401426995335232,0.02121817696320387,0.021346818031313032,89141397.89887534,3357676070.0617223
Apr-11-2021,0.02135301913927102,0.021424225556250946,0.02113646291319008,0.021290266399756494,28884252.495770033,3443881074.1074467
Apr-10-2021,0.021369917040328316,0.021515007018632657,0.02123769764272519,0.02135301913927102,12663709.944138907,3414846670.1809816
Apr-09-2021,0.02134317737114127,0.02227451740486356,0.021283555453357417,0.021369917040328316,26614809.86427204,3426594274.8542004
Apr-08-2021,0.0213389443256792,0.021394018150447856,0.02122112558786813,0.02134317737114127,18176367.632582255,3401720723.890563
Apr-07-2021,0.021332457434376978,0.021370286138694506,0.021256141450170817,0.0213389443256792,14584436.222483244,3412598157.8158717
Apr-06-2021,0.021321118690998134,0.021463351319865143,0.021200979627822723,0.021332457434376978,50105334.939095154,3424993094.4816036
Apr-05-2021,0.021318380705149364,0.021414119379555775,0.021264007666846232,0.021321118690998134,132493102.59986088,3372727181.0145216
Apr-04-2021,0.021321648502464836,0.02153433853662199,0.021252539070772687,0.021318380705149364,157087493.2833506,3185291347.5317707
Apr-03-2021,0.021307257425889233,0.021392134003752138,0.02125145117733544,0.021321648502464836,16466609.38122281,3023049537.885265
Apr-02-2021,0.02132811671138029,0.021372369919688588,0.021226311032774538,0.021305059955522277,149709000.233813,3003158730.844103
Apr-01-2021,0.021310155775087058,0.022394877365854816,0.02123296054439908,0.02132811671138029,131222733.44179948,2795880405.922554
Mar-31-2021,0.021282353721196953,0.021373136064012404,0.021230266150701765,0.021310155775087058,17084482.81747178,2656548407.4916673
Mar-30-2021,0.02132615769701722,0.02148273923338858,0.021004563440312013,0.021282353721196953,5357660.66054842,2644457604.2222815
Mar-29-2021,0.021287305741559497,0.021347918936780584,0.021227605479230856,0.02132615769701722,8029763.68084661,2643257378.4459286
Mar-28-2021,0.02133612308128777,0.021343532286426475,0.02112190865648612,0.021287305741559497,25062168.780635297,2628399920.1434093
Mar-27-2021,0.021321211711178054,0.02135724851141001,0.021142826041816727,0.02133612308128777,23422557.110025357,2602946516.6728992
Mar-26-2021,0.021382141837369827,0.0213846801307835,0.021239959912231425,0.021321211711178054,12782450.170214258,2632975697.813775
Mar-25-2021,0.021217883151067304,0.021399572327406982,0.02121383344975281,0.021382141837369827,15968578.793270392,2628571388.2155514
Mar-24-2021,0.02122660043349897,0.021369740310089924,0.021104258165499778,0.021217883151067304,15218134.771411212,2647380554.067124
Mar-23-2021,0.02136321898216104,0.02145407010063433,0.02116850590796648,0.02122660043349897,13204174.113948565,2640121467.9176207
Mar-22-2021,0.02132790229663409,0.021416109196690278,0.021217243780624465,0.02136321898216104,3254688.84905078,2625937695.2042565
Mar-21-2021,0.02126528154640311,0.021394884000473194,0.021179994743397112,0.02132790229663409,5179409.385093152,2627373315.3392315
Mar-20-2021,0.02139960169119789,0.02146126469834119,0.020968947748037578,0.02126528154640311,8397032.43998538,2628379744.6415887
Mar-19-2021,0.021322874827800677,0.021428867278951755,0.021176705688670142,0.02139960169119789,11864029.255654907,2634155708.367574
Mar-18-2021,0.021182528109683137,0.021405176581044457,0.02113693320672894,0.021322874827800677,7409211.797651077,2630770536.9460244
Mar-17-2021,0.021458784728921213,0.021476563578900095,0.021182528109683137,0.021182528109683137,22048156.752929874,2636247704.4054465
Mar-16-2021,0.02142051433683167,0.021986615828790947,0.02120627354590345,0.021458784728921213,67330326.28949842,2680673222.9511557
Mar-15-2021,0.021443694876809773,0.02145453807178296,0.021068994200716448,0.02142051433683167,71551670.54935287,2704987756.5769014
Mar-14-2021,0.02118554644371683,0.021443694876809773,0.02114444153075559,0.021443694876809773,16657094.198255552,2665169432.619629
Mar-13-2021,0.021269503060977406,0.02168514987130548,0.021162732310262698,0.02118554644371683,22216227.61889548,2676730748.9503055
Mar-12-2021,0.02113723490841451,0.02221845443227833,0.02113723490841451,0.021269503060977406,21158483.14602572,2653832185.2298007
Mar-11-2021,0.0212160279451089,0.02140949991383431,0.02103611490381249,0.02113723490841451,14569208.901367953,2615208590.4771495
Mar-10-2021,0.021149800189144384,0.02135321781451084,0.02098388111185387,0.0212160279451089,33276876.486417692,2588548079.632629
Mar-09-2021,0.021323301006206646,0.021445786719653116,0.02100617258389382,0.02100617258389382,9767575.48817179,2555329369.3010535
Mar-08-2021,0.021188502198350393,0.021323301006206646,0.021143165963758648,0.021323301006206646,23966301.959565,2571534702.7960567
Mar-07-2021,0.021203095795149864,0.02131976705439247,0.021123458247424908,0.021188502198350393,79164294.98830163,2595873352.3294735
Mar-06-2021,0.021280170891847656,0.021690287120287643,0.021063065827922178,0.021203095795149864,44649345.548427895,2482650244.321832
Mar-05-2021,0.021316352799971894,0.021518209039812424,0.02113678781776513,0.021280170891847656,21171136.804030698,2494126902.0538
Mar-04-2021,0.021270769231316725,0.021384989281503543,0.02107387576812293,0.021316352799971894,33703001.30430967,2510891902.929845
Mar-03-2021,0.021043348189474214,0.021488261377446687,0.021043348189474214,0.021270769231316725,97911388.01273078,2564807011.445569
Mar-02-2021,0.021301259560497096,0.02135467250428654,0.021043348189474214,0.021043348189474214,46627021.8569183,2668949208.0332017
Mar-01-2021,0.021283886010415535,0.022177264785040198,0.0211185728616622,0.021301259560497096,103495582.88635851,2602033184.888566
Feb-28-2021,0.021266608853953577,0.021362772909947463,0.021150821689026926,0.021283886010415535,122858596.45892692,2474186021.878248
Feb-27-2021,0.02122500966505618,0.021599750926733403,0.020999541550381175,0.021266608853953577,40647646.91477573,2330604447.620025
Feb-26-2021,0.021271629294991042,0.021378127467171205,0.021082101131825126,0.02122500966505618,7553343.50124222,2276133299.116968
Feb-25-2021,0.021387190979406206,0.02174881916103351,0.021105692584143694,0.021271629294991042,44979375.76071445,2287786231.162062
Feb-24-2021,0.02116615457940057,0.02146381939295785,0.021098242419373095,0.021387190979406206,6829719.232233513,2213501800.500408
Feb-23-2021,0.02126695434009403,0.02139177667145153,0.020900800905880347,0.02116615457940057,18451924.888156626,2209421866.686749
Feb-22-2021,0.021269312941868505,0.021659914428396553,0.019865004041985768,0.02126695434009403,91184938.73911598,2281920773.832615
Feb-21-2021,0.02116173947625691,0.02178562679799929,0.02094601419219717,0.021269312941868505,5442042.048977267,2356443754.6459885
Feb-20-2021,0.02134792387028391,0.02134792387028391,0.02114627621620408,0.02116173947625691,35518768.79354757,2363729241.080865
Feb-19-2021,0.021325748660925195,0.02134792387028391,0.021025140067316872,0.02134792387028391,14437819.887143137,2315176764.0499916
Feb-18-2021,0.021166078779341943,0.021384970336512713,0.020984789402862077,0.021325748660925195,7492015.783923088,2302469914.619529
Feb-17-2021,0.021118996938879225,0.021189063372919058,0.020899122518092672,0.021166078779341943,10299818.754417144,2286064741.113941
Feb-16-2021,0.02113653192864287,0.021166348287779878,0.020883619881938802,0.021129823872888465,144493235.00805792,2272832935.6482306
Feb-15-2021,0.021121185052409654,0.021217616169441723,0.02103917279154186,0.021135164313742016,131984272.56609051,2055415795.365662
Feb-14-2021,0.021101448938153872,0.02119886062507759,0.021046929291439274,0.021121185052409654,78419615.58977991,1906367723.4388237
Feb-13-2021,0.021039218121400183,0.021141501259347793,0.02101785686204038,0.021101448938153872,12421313.285520991,1820292117.467615
Feb-12-2021,0.021039640850960214,0.02122605979208732,0.020972201427091178,0.021039218121400183,9807399.495613856,1805496741.7340083
Feb-11-2021,0.02101471627298003,0.021100354244752782,0.017096534684572683,0.02101409672417522,10088578.309062595,1790818830.0136151
Feb-10-2021,0.021059338764557158,0.02118258564541208,0.02088903361893606,0.02101471627298003,41101296.65144636,1760192823.288313
Feb-09-2021,0.021045009542683568,0.021123458315890808,0.02088719203697427,0.021059338764557158,5485982.480407803,1715247470.3836699
Feb-08-2021,0.021120891675577715,0.021120891675577715,0.020904811081672504,0.021045009542683568,185779174.97902176,1708489474.5024722
Feb-07-2021,0.020952629911757958,0.021125922532278168,0.020949749055600764,0.021120891675577715,58875722.68910162,1472030763.4811406
Feb-06-2021,0.02100083837452582,0.021092972519997203,0.020941345682078682,0.020952629911757958,11041315.456191732,1415408640.597184
Feb-05-2021,0.021037036205923856,0.021083353374867306,0.02095677600933657,0.02100083837452582,10570508.862414539,1406387300.1817029
Feb-04-2021,0.020989199008642274,0.021055143376217098,0.02095977790063486,0.021037036205923856,10903631.129930802,1388128080.5812929
Feb-03-2021,0.02100029499376781,0.021085401806302827,0.020930329822364462,0.020989199008642274,39830466.31929245,1382641125.9255412
Feb-02-2021,0.021047781992765243,0.02105322309176871,0.020927195500961556,0.02100029499376781,14715389.999805607,1329860295.1583376
Feb-01-2021,0.02094117714774444,0.02197716520829306,0.020908599852280878,0.021047781992765243,4787264.344046102,1314787314.160249
Jan-31-2021,0.0209314531393227,0.021021097213113616,0.02080622627515094,0.02094117714774444,48519713.58918825,1306238638.247346
Jan-30-2021,0.020913026020871403,0.02098910162102958,0.0203940588860967,0.0209314531393227,3347389.884114563,1245565379.0017064
Jan-29-2021,0.02100105354327716,0.021005529414925048,0.020798248052348464,0.020913026020871403,8315196.861805745,1254258069.5443892
Jan-28-2021,0.02093964034915996,0.021088438380040167,0.02080946439415367,0.02100105354327716,4922544.590879909,1247744492.8470747
Jan-27-2021,0.02101734943997069,0.02104931694199957,0.020735066811113777,0.02093964034915996,7971738.55675626,1256669095.9864378
Jan-26-2021,0.020968265712731936,0.02104555054936272,0.02045847433140248,0.02101734943997069,21404961.253757972,1275255900.9314425
Jan-25-2021,0.021031123915027653,0.02106555765628724,0.020451801948912073,0.020968265712731936,7738336.212529563,1298780262.1580284
Jan-24-2021,0.020985232687112533,0.0211377784653209,0.020875639845830372,0.021031123915027653,13413703.063288234,1289285956.6853595
Jan-23-2021,0.021047372524356175,0.021090972244108767,0.020898088972972594,0.020985232687112533,197264004.37636566,1298864506.7878227
Jan-22-2021,0.021011600692915706,0.021125566536739075,0.02090722824723298,0.021047372524356175,146391376.44079423,1059046851.6153349
Jan-21-2021,0.02103763244993065,0.022214641873310362,0.020756753924699587,0.02100324748282962,33670160.07437176,878698583.891112
Jan-20-2021,0.020092182230532597,0.02191968513972857,0.020092182230532597,0.02103763244993065,5829944.637421492,857021405.9984838
Jan-19-2021,0.020945472244331548,0.021152841839599486,0.0197355696682895,0.020092182230532597,15657187.945616713,848745550.5015908
Jan-18-2021,0.02092236579557258,0.020990480660558468,0.020863054363754387,0.020976139768859793,13082646.982964797,829324557.0462409
Jan-17-2021,0.020826759,0.021189554,0.02075983,0.02092236579557258,17338514.774046715,820571062.8362663
Jan-16-2021,0.02090708,0.021214568,0.020715125,0.02082931,19573640.737509675,804718798.6977326
Jan-15-2021,0.0209573,0.021313942,0.020740241,0.020973429,234229712.84590796,770330512.7987701
Jan-14-2021,0.021091467,0.021264041,0.020235445,0.02092482,32783957.639296263,1020629576.854355
Jan-13-2021,0.020979869,0.021182385,0.020793664,0.021103104,78465897.94543548,1047559544.1966696
Jan-12-2021,0.021021722,0.02215826,0.020711116,0.020955484,35463325.23827352,976411361.2316996
Jan-11-2021,0.021036937,0.021218597,0.020636667,0.020975119,16803306.12882896,936702780.723962
Jan-10-2021,0.020861948,0.021491376,0.020039422,0.02101459,169753027.00872397,967542609.8547115
Jan-09-2021,0.020859485,0.021297879,0.020384433,0.020872924,12865382.999400217,1155018961.5764017
Jan-08-2021,0.020936898,0.02123294,0.020665961,0.02092427,63878678.79850749,1164428590.6829581
Jan-07-2021,0.021025098,0.02129056,0.02055003,0.020913229,33021754.990591936,1078843137.2693288
Jan-06-2021,0.021007261,0.021192315,0.020377543,0.021030763,13366562.163961848,1040158103.7158273
Jan-05-2021,0.020945987,0.021286144,0.020585681,0.021092013,19460910.70659871,1022329961.6799579
Jan-04-2021,0.021152341,0.021385521,0.020538475,0.02102253,80449598.06675585,1021434729.5896102
Jan-03-2021,0.020886688,0.021471837,0.020250288,0.021147984,287167764.31269205,918324657.0971136
Jan-02-2021,0.020842775,0.02137201,0.020661188,0.020759712,239052009.75506815,628125715.6564403
Jan-01-2021,0.02097296,0.02116211,0.020643207,0.020842256,211394827.50184453,940768564.902049
Dec-31-2020,0.02110252,0.021228769,0.02081212,0.020967416,15742718.845906926,1164225780.0196662
Dec-30-2020,0.020956816,0.021229501,0.020813842,0.021115392,5657438.388878592,1179307953.6582322
Dec-29-2020,0.020857945,0.021077005,0.020722324,0.020969207,13566123.757520448,1183177773.595008
Dec-28-2020,0.020900533,0.021086155,0.020692702,0.020928763,7845083.190590338,1197792502.0356133
Dec-27-2020,0.020783933,0.021151024,0.020691101,0.02092228,24036176.23440817,1191306597.958068
Dec-26-2020,0.020877031,0.021168526,0.020609499,0.020758251,81255902.72547956,1217114217.4537425
Dec-25-2020,0.020871942,0.021033518,0.020637868,0.020877031,4889864.474509976,1294087246.2832232
Dec-24-2020,0.02085344,0.020971995,0.020575314,0.020869613,10159166.083675658,1296798868.1858203
Dec-23-2020,0.020790641,0.021027662,0.02067998,0.020887726,5303982.929827129,1304785635.8905494
Dec-22-2020,0.020901159,0.021030997,0.020368844,0.020812168,3430482.0916664065,1307718062.8731482
Dec-21-2020,0.020748955,0.020965029,0.020651749,0.02089193,1661886.224775719,1305529915.7735996
Dec-20-2020,0.020827432,0.020911271,0.020574371,0.020745928,8913207.83863925,1300459474.7446456
Dec-19-2020,0.020844308,0.020906856,0.020647135,0.020877969,52180427.660607964,1307515928.4935238
Dec-18-2020,0.02092629,0.020981845,0.020687765,0.020844308,4724242.785027656,1366772499.0719576
Dec-17-2020,0.020844378,0.021805044,0.020626571,0.020953495,20203905.758183666,1368710963.7600472
Dec-16-2020,0.020904674,0.021024833,0.020512282,0.020919912,23467638.280793875,1398120421.4612024
Dec-15-2020,0.020856319,0.021098851,0.020679637,0.020937443,5223828.917908262,1424551260.438795
Dec-14-2020,0.02082517,0.020944378,0.020639951,0.020844501,2420401.435464326,1421388566.7281196
Dec-13-2020,0.020822789,0.020911039,0.020575127,0.02082517,8311557.522006891,1419145057.8718061
Dec-12-2020,0.020804186,0.021063731,0.02059026,0.020822789,11080244.665554574,1433205550.0856998
Dec-11-2020,0.020801487,0.02098632,0.020617358,0.02080296,44794273.83719703,1433849117.7675607
Dec-10-2020,0.020825371,0.020963545,0.020649009,0.020822969,27178861.91468018,1488742799.105087
Dec-09-2020,0.02082605,0.021018966,0.020593964,0.020858584,26173343.761674978,1518673863.4917145
Dec-08-2020,0.020939094,0.020991382,0.020675182,0.02082605,11172092.342563448,1560554566.478343
Dec-07-2020,0.020901503,0.021000775,0.020706991,0.020933086,5366601.880093528,1569635012.6265352
Dec-06-2020,0.020920392,0.020948647,0.020720823,0.020912916,20220253.178674895,1557277178.772999
Dec-05-2020,0.020911387,0.021043824,0.020674482,0.020909645,12251167.333163172,1521741798.9899611
Dec-04-2020,0.020810659,0.0209909,0.020750609,0.020904807,35388270.739361435,1529668162.9360058
Dec-03-2020,0.020823742,0.020955044,0.020681794,0.020844964,20073616.99024104,1564396490.565975
Dec-02-2020,0.020855434,0.020971992,0.020739312,0.020841849,19188886.98202182,1582359026.9955454
Dec-01-2020,0.020837618,0.021016529,0.020694273,0.02085552,16109777.776387563,1576665380.6949742
Nov-30-2020,0.020953106,0.02113876,0.020467063,0.020903976,44303801.74055551,1573038212.3617327
Nov-29-2020,0.020839068,0.021070447,0.020696463,0.020947905,20706984.52639764,1534390771.5760322
Nov-28-2020,0.02081533,0.020931381,0.020630829,0.020846317,4157549.687409935,1530557949.6980784
Nov-27-2020,0.020872718,0.020936338,0.020697212,0.020768333,52130546.97911504,1530191006.3365724
Nov-26-2020,0.020900033,0.021055413,0.020568225,0.020828933,112245522.39919372,1474577776.949498
Nov-25-2020,0.020814334,0.021303772,0.020310845,0.020858641,103024027.23397544,1624225646.970466
Nov-24-2020,0.020772761,0.020895112,0.020566812,0.020871534,8275159.636361201,1722593725.5606854
Nov-23-2020,0.020808304,0.020933568,0.020474399,0.020753494,14148627.648457738,1711308344.040925
Nov-22-2020,0.020642056,0.02097289,0.020504046,0.02083215,3007656.659168769,1694507142.20059
Nov-21-2020,0.020965238,0.021049154,0.020540769,0.020644495,7118494.098563788,1694580433.2121127
Nov-20-2020,0.020879104,0.021129179,0.020711472,0.020997261,10147160.556533532,1700021196.6330757
Nov-19-2020,0.020848014,0.021106077,0.020727916,0.020857085,7700024.302248399,1686776796.8056655
Nov-18-2020,0.020917449,0.021110724,0.020606622,0.020832417,15668026.992613543,1673187436.1585844
Nov-17-2020,0.020864707,0.021051548,0.020405858,0.020938103,23933707.0122259,1655937006.2549996
Nov-16-2020,0.020905293,0.021063666,0.02074078,0.020906398,8006687.733686159,1644688442.945896
Nov-15-2020,0.020895602,0.021076843,0.020787967,0.020901962,12342777.299888905,1633364110.9458442
Nov-14-2020,0.020857224,0.020962884,0.0206373,0.020895593,7355671.699886876,1630297964.7663372
Nov-13-2020,0.02090784,0.021071419,0.020628409,0.020883025,5633341.467721999,1630695325.1138086
Nov-12-2020,0.0208604,0.021097124,0.020789671,0.02090784,4785354.093536219,1639569294.1233478
Nov-11-2020,0.020909033,0.021030297,0.020744769,0.0208604,17404370.209934384,1638784917.6499228
Nov-10-2020,0.020884451,0.021093874,0.020845747,0.020911561,62797837.715918675,1605276232.4483168
Nov-09-2020,0.020909538,0.021043819,0.020786358,0.020884451,27254692.662929915,1524113353.9378617
Nov-08-2020,0.020942812,0.021053835,0.020646712,0.020921207,64909272.066556595,1482409162.526227
Nov-07-2020,0.020891301,0.021249887,0.020821185,0.02095412,7803229.773308328,1411252719.3649256
Nov-06-2020,0.020984582,0.02115671,0.020553057,0.020891301,9091728.293951165,1400842755.5928924
Nov-05-2020,0.020944386,0.021169568,0.020843292,0.020981497,8802572.274869608,1392476959.8379529
Nov-04-2020,0.020948459,0.021171658,0.020716093,0.020930489,14161105.09581386,1375718144.245554
Nov-03-2020,0.020965325,0.021153636,0.020712082,0.020926313,10179935.088788982,1381927290.4948592
Nov-02-2020,0.020834688,0.021132034,0.020669701,0.020954152,15795440.031102633,1398186314.6722167
Nov-01-2020,0.020951908,0.021061403,0.020561239,0.020845175,9896363.50194428,1370322849.2254581
Oct-31-2020,0.020900685,0.021014545,0.020673349,0.020929539,5375060.900301836,1361009576.384026
Oct-30-2020,0.020938779,0.021128745,0.020842054,0.020880663,3616678.145423746,1361015363.097105
Oct-29-2020,0.020879223,0.021135262,0.020559238,0.020960877,56277963.84378111,1357279555.3642035
Oct-28-2020,0.020851297,0.020961386,0.020586942,0.020870366,32039273.003133707,1420261577.669107
Oct-27-2020,0.020907804,0.021005702,0.020626927,0.020872686,4862503.65423051,1460271864.433867
Oct-26-2020,0.020838027,0.021063152,0.020774381,0.020907641,9913448.730612636,1471674831.6049006
Oct-25-2020,0.020875689,0.020978266,0.020657892,0.020851626,3367246.602182942,1478999513.5397837
Oct-24-2020,0.020873141,0.020927798,0.020654413,0.020875689,7542123.216489052,1474194742.252212
Oct-23-2020,0.020889553,0.020908144,0.020727657,0.020873141,28969690.828255154,1459741675.9281402
Oct-22-2020,0.020861111,0.020931911,0.020653896,0.020889553,44316994.87862854,1416183274.7563775
Oct-21-2020,0.020889608,0.021052834,0.020804336,0.020821744,96957702.63620375,1378264888.1728287
Oct-20-2020,0.020904771,0.021080312,0.020794708,0.020889608,10495288.636209404,1260895096.520772
Oct-19-2020,0.020919495,0.021429354,0.020813756,0.020905002,10416524.330884479,1245009579.581583
Oct-18-2020,0.02094868,0.021076274,0.020850358,0.02092433,10523375.072609358,1259942848.7087991
Oct-17-2020,0.020922038,0.021048932,0.020889635,0.020945155,9147980.044288151,1250721975.803899
Oct-16-2020,0.020922563,0.02107759,0.020857793,0.020922038,11404973.144509532,1254518766.145123
Oct-15-2020,0.020884995,0.021086709,0.020756575,0.020922563,3022072.2977299294,1267837166.3243186
Oct-14-2020,0.020928813,0.020987398,0.020823081,0.020874293,4533566.705903262,1266197960.4143484
Oct-13-2020,0.020932175,0.021047267,0.020765382,0.020923663,14920756.430726478,1264018781.439947
Oct-12-2020,0.020887546,0.021045252,0.020806168,0.02093058,11610691.428311268,1250682369.898551
Oct-11-2020,0.020936814,0.023101091,0.020770048,0.020920744,11508989.759282596,1246171379.2244205
Oct-10-2020,0.020903739,0.021018634,0.02085031,0.020936814,10863012.014769362,1226065410.1460924
Oct-09-2020,0.020932467,0.021046002,0.020843615,0.0208862,13015872.296448067,1214972741.1937191
Oct-08-2020,0.020984487,0.021363651,0.020847976,0.020919622,9024058.376487428,1237297877.452187
Oct-07-2020,0.019673902,0.022140278,0.019504696,0.02096283,525.8720127179786,1192104477.6460717
Oct-06-2020,0.02060108,0.02243087,0.019541131,0.01964908,1537.7997462383796,1221955655.817256
Oct-05-2020,0.020878101,0.02142985,0.018504005,0.021167571,860.0712109115055,1151549469.1051483
Oct-04-2020,0.022075438,0.022254992,0.019116706,0.0208819,1978.4205848382464,1126049891.59902
Oct-03-2020,0.020623346,0.023146422,0.019348942,0.022052589,730.3380911496441,1164263892.7282155
Oct-02-2020,0.020486866,0.022067784,0.018844201,0.020623346,2184.5325120558423,1129968907.164422
Oct-01-2020,0.021433281,0.022210581,0.019848098,0.020492068,527.7438265093384,1143824398.128251
Sep-30-2020,0.022266166,0.022529696,0.020063144,0.021420885,1677.9991331061208,1252575879.614889
Sep-29-2020,0.021325703,0.023854382,0.019713326,0.022248029,1395.5107575754525,1258286529.1258826
Sep-28-2020,0.022163377,0.022231657,0.019067041,0.021303038,673.0029614634014,1220907935.477889
Sep-27-2020,0.021739856,0.02276961,0.017325927,0.022203695,881.206874506502,1218769302.019438
Sep-26-2020,0.021315538,0.022126868,0.021315173,0.021726453,778.553577052659,1260537200.0518627
Sep-25-2020,0.021854733,0.022510839,0.019533352,0.021374333,1322.144547208038,1241745475.30688
Sep-24-2020,0.021375401,0.02465234,0.018886576,0.021828251,539.1593450270215,1188959421.8261554
Sep-23-2020,0.022468449,0.023578944,0.019747726,0.021377747,650.2507992935048,1209380404.4522014
Sep-22-2020,0.024250647,0.026967329,0.019791231,0.022525521,294.979053006447,1176930727.34677
Sep-21-2020,0.019022498,0.024395563,0.018880907,0.024237585,385.4949320392543,1104635106.8612325
Sep-20-2020,0.022375234,0.023711166,0.017594567,0.019046342,358.45918636119836,943360609.3984838
Sep-19-2020,0.022478318,0.023556333,0.020829823,0.022373576,1585.3553561736248,901802748.5115801
Sep-18-2020,0.023205638,0.023256319,0.021613364,0.022482287,949.2340370954206,901673121.5722618
Sep-17-2020,0.027235922,0.028844849,0.023018719,0.023114303,779.6070759974708,904115513.056069
Sep-16-2020,0.021224679,0.032173601,0.020006468,0.027187745,815670.8196618949,828605269.8735176
Sep-15-2020,0.021100605,0.021630071,0.018948287,0.021229434,417.6888288762537,713214860.266732
Sep-14-2020,0.021582214,0.021821019,0.019318785,0.019355618,447.08640860251603,707489347.820431
Sep-13-2020,0.02101654,0.023789688,0.020798204,0.021559668,342.4922798730759,724541961.5709229
Sep-12-2020,0.022160652,0.02225581,0.020450616,0.02101654,388.05811163200883,720789463.935731
Sep-11-2020,0.02674224,0.02674224,0.020867184,0.022148337,309.7835100652965,742943759.4310958
Sep-10-2020,0.026345125,0.026771304,0.025658971,0.026709356,1066.7420275821514,872012008.5516733
Sep-09-2020,0.02308029,0.026890865,0.021353727,0.026300118,1038.708017211891,855528091.1032208
Sep-08-2020,0.018858697,0.023512622,0.018534002,0.023091042,418.96283733341204,680329806.2954195
Sep-07-2020,0.021253489,0.021455202,0.018342471,0.018833755,219.90784994966182,669522206.218992
Sep-06-2020,0.021294006,0.021589102,0.019669833,0.021145472,330.45099059770166,669908575.4953653
Sep-05-2020,0.019529344,0.021641421,0.018091965,0.021325288,393.85790054837275,640156824.3377436
Sep-04-2020,0.019529708,0.020878064,0.01792768,0.019529344,311.2109252321934,661582929.304068
Sep-03-2020,0.020241958,0.020241958,0.018756283,0.019596003,141.72281411717202,699387817.4896756
Sep-02-2020,0.020498983,0.020908422,0.018415625,0.020241958,252.6898060138545,765274670.252507
Sep-01-2020,0.025635581,0.025953701,0.018864977,0.020524876,440.70266593395115,959713940.0045619
Aug-31-2020,0.022172395,0.026251795,0.020577046,0.025635581,1058.143002126097,1064947019.0418355
Aug-30-2020,0.02057295,0.022366204,0.017324919,0.022197934,1489.671004415158,894585562.3239181
Aug-29-2020,0.021931015,0.023027383,0.020228058,0.020533348,125.36650559670319,1018825969.2674136
Aug-28-2020,0.021496166,0.022059975,0.021366821,0.021931015,58.15883270193121,1049300939.9074304
Aug-27-2020,0.021852418,0.021852418,0.02092448,0.021484189,50.73017760629117,1047853028.8034027
Aug-26-2020,0.022019481,0.022492393,0.021481637,0.021852418,237.10438014924426,1076490995.2261994
Aug-25-2020,0.021832387,0.022303158,0.021541228,0.02200824,629.2824646511086,1077344048.9684267
Aug-24-2020,0.020802933,0.022652694,0.019959372,0.021860993,1077.932775683708,1013741166.2772561
Aug-23-2020,0.020944159,0.021316842,0.020448762,0.020815508,984.7535546060219,1020038562.8071568
Aug-22-2020,0.020545448,0.02116853,0.020122323,0.020978876,541.6743435491285,1021258163.7069833
Aug-21-2020,0.019225231,0.023052868,0.018706026,0.020533774,138.52088621931642,1022789937.3543229
Aug-20-2020,0.021192585,0.021295193,0.019139842,0.019219559,8.097799236953492,996193656.4844754
Aug-19-2020,0.023667993,0.024101606,0.020965827,0.021215015,465.11404918716494,1083922555.320358
Aug-18-2020,0.019935865,0.024115105,0.019115062,0.023619968,598.3552790434845,1007394589.4430993
Aug-17-2020,0.019331676,0.020222876,0.018509668,0.019946293,336.2154054222881,894475060.81307
Aug-16-2020,0.021835326,0.022236859,0.018811059,0.019331676,77.17050179613464,978866774.6562005
Aug-15-2020,0.021681573,0.021915738,0.020807086,0.021833422,363.7655078588203,976396675.231617
Aug-14-2020,0.021190054,0.023529704,0.01996153,0.021681573,445.4158086202649,959349310.2820115
Aug-13-2020,0.022231064,0.0233066,0.021111374,0.021154424,403.02534055885224,1178432320.55478
Aug-12-2020,0.022217492,0.02392683,0.021756078,0.022231064,961.8499706112143,1493087232.7534864
Aug-11-2020,0.021439954,0.022303823,0.01744908,0.022240678,949.7535430278175,1377359978.2393496
Aug-10-2020,0.020410271,0.022115336,0.02034892,0.021437613,507.9643483720226,1321103388.0738275
Aug-09-2020,0.02242005,0.022878141,0.01928565,0.020399263,571.4974253415633,1302585099.3939793
Aug-08-2020,0.021241752,0.022607134,0.020706202,0.022368333,175.07160746536525,1173805291.9131558
Aug-07-2020,0.020367159,0.021066444,0.020223037,0.021066444,55.71276064394558,1119244323.048594
Aug-06-2020,0.021236615,0.02138507,0.019751614,0.020368518,145.90160707737115,1117845607.7975094
Aug-05-2020,0.020920239,0.021504586,0.020585818,0.021236615,501.12910471090373,1158552154.8291214
Aug-04-2020,0.020790571,0.021134484,0.018499152,0.020921144,944.6286853834995,1049005880.7009143
Aug-03-2020,0.020579208,0.021375017,0.020369089,0.020779796,633.4815533202806,1117050426.4551277
Aug-02-2020,0.019912514,0.021288927,0.019758511,0.020623836,285.5651319731807,1041849302.3059316
Aug-01-2020,0.021461547,0.022995019,0.019280258,0.019836071,225.4373114030877,970540212.2888557
Jul-31-2020,0.021671072,0.02418426,0.02112018,0.021459959,105.81504439598432,990416989.4000584
Jul-30-2020,0.021743924,0.021826435,0.020718899,0.021675949,84.2367283418272,961143602.3873374
Jul-29-2020,0.021787431,0.023021552,0.021318096,0.021732821,158.51687421701192,1089845710.6385658
Jul-28-2020,0.021126401,0.02253364,0.02083623,0.021773653,142.5535615583346,1207314886.3188295
Jul-27-2020,0.021414597,0.021681247,0.020468012,0.021126401,135.06334993432853,1183021934.4976227
Jul-26-2020,0.020651834,0.021809451,0.020651834,0.021493797,136.87943957612805,1116587190.6553645
Jul-25-2020,0.02187046,0.022802761,0.019526508,0.020628623,1049.7531244772083,769081707.5815336
Jul-24-2020,0.020439634,0.022746363,0.018036214,0.02187046,3687.980657608056,702323756.8299799
Jul-23-2020,0.022147567,0.022147567,0.02040027,0.020451426,1531.9710293160808,606549819.9084679
Jul-22-2020,0.022041195,0.022301106,0.020792052,0.022097036,423.7183245888842,596001252.1690633
Jul-21-2020,0.021782431,0.0221601,0.020459938,0.022002989,103.12228951481386,629022586.7009028
Jul-20-2020,0.020529002,0.022405608,0.020505909,0.021771054,456.0884987284549,672151967.4900709
Jul-19-2020,0.020553026,0.020817075,0.020459152,0.020539959,81.59082450620821,707516050.3194097
Jul-18-2020,0.019896504,0.021062318,0.019728343,0.020563391,197.8350366637837,760678280.5222697
Jul-17-2020,0.021523539,0.021554878,0.019671691,0.019896504,217.99796539978192,899728071.2611997
Jul-16-2020,0.022245618,0.022316915,0.022138088,0.02220378,758.9825073091946,973164462.5334058
Jul-15-2020,0.020514453,0.022959404,0.019623371,0.022245618,649.0470076799418,890648884.6717713
Jul-14-2020,0.020770209,0.020837037,0.017660746,0.020520758,265.7067600645512,840527674.5733502
Jul-13-2020,0.020900926,0.021520351,0.019789772,0.020777158,187.42522656046418,865657551.6675328
Jul-12-2020,0.021725713,0.021725713,0.020779205,0.020925198,91.0184136342644,881516601.298624
Jul-11-2020,0.021024119,0.021973466,0.020781048,0.021650774,821.1433841601564,877261114.670848
Jul-10-2020,0.021036337,0.02236582,0.019392943,0.021013434,1050.0007290906613,815530403.4799002
Jul-09-2020,0.020736025,0.021841274,0.019474519,0.021047351,377.75211525606255,813129518.9507672
Jul-08-2020,0.021780204,0.022511561,0.020539197,0.020736025,911.3255891533677,790461628.5198389
Jul-07-2020,0.020556519,0.022656898,0.020463073,0.021780204,434.8816420746956,756185302.3930572
Jul-06-2020,0.018917114,0.021384373,0.018917114,0.020522572,855.3587506841376,711047347.1386055
Jul-05-2020,0.020672738,0.021757083,0.018879394,0.018928028,2243.516330096146,605842028.5328228
Jul-04-2020,0.021158036,0.02140564,0.020018512,0.020672738,953.8030604887606,577532901.0861949
Jul-03-2020,0.020650038,0.022310326,0.020051031,0.021158036,499.76524250705893,552145802.906717
Jul-02-2020,0.020591194,0.020776683,0.019969256,0.020639141,342.6525914322864,495842664.23381764
Jul-01-2020,0.020877949,0.020961305,0.019436562,0.02060209,1761.0024996686407,104466151.35835771
Jun-30-2020,0.020234,0.020984954,0.018234839,0.020854562,715.121277463386,43765834.012916364
Jun-29-2020,0.021731814,0.021782689,0.019423175,0.020244751,267.4160216558914,40661060.10975254
Jun-28-2020,0.02111832,0.021869379,0.02088422,0.021754853,133.04724186983623,42977676.801587656
Jun-27-2020,0.019759271,0.021400892,0.019634217,0.02111832,363.9901835644284,42083785.18234576
Jun-26-2020,0.020326799,0.020398085,0.019475337,0.019759271,398.3540561545649,41764254.30262004
Jun-25-2020,0.02078885,0.021824763,0.020103501,0.020337361,521.9005345259519,42435612.54010917
Jun-24-2020,0.020572669,0.02191265,0.019622688,0.020799472,896.7930712817699,39531025.27919342
Jun-23-2020,0.020292376,0.021947483,0.019817909,0.020546466,11211.334217357009,36927723.60256954
Jun-22-2020,0.021046003,0.021775885,0.019901144,0.020292376,4075.3328700024854,38178164.52101204
Jun-21-2020,0.017034818,0.022652818,0.017025569,0.021046003,4418.005695314088,37327379.72639384
Jun-20-2020,0.020358097,0.022488354,0.017017158,0.017026059,1708.092976213017,33002666.84264985
Jun-19-2020,0.021192004,0.021584921,0.019799032,0.021302541,1636.815587610213,30650477.35942232
Jun-18-2020,0.019702079,0.021630346,0.019351195,0.021151371,3923.4112316322976,28682966.545675803
Jun-17-2020,0.02066241,0.022481347,0.019613538,0.019712511,2209.9281371400184,24943741.714575704
Jun-16-2020,0.021164001,0.021308878,0.02029689,0.020685481,599.5064410031842,22570657.861540906
Jun-15-2020,0.020924559,0.021373535,0.020781298,0.021164001,376.65240085224667,0
Jun-14-2020,0.019999559,0.021138865,0.019607454,0.020935392,264.0097180375057,0
Jun-13-2020,0.020459096,0.020459096,0.019904974,0.020010139,1576.0930782258017,0
Jun-12-2020,0.020081179,0.020798017,0.019866595,0.020472783,1363.8328423287412,0
Jun-11-2020,0.02060163,0.020870132,0.019751742,0.020060821,688.7149006498596,0
Jun-10-2020,0.020323126,0.02078993,0.019342734,0.020634189,527.2710285013901,0
Jun-09-2020,0.021184549,0.021244294,0.020273109,0.020310328,380.5444638228348,0
Jun-08-2020,0.021178839,0.021393088,0.020304155,0.02118487,518.100832252453,0
Jun-07-2020,0.020849534,0.021206607,0.020793292,0.021201366,1438.6620429453353,0
Jun-06-2020,0.02019612,0.024519441,0.019828668,0.020849534,613.7054000748761,0
Jun-05-2020,0.020699681,0.02091409,0.020162182,0.02019612,131.4836513432706,0
Jun-04-2020,0.020570574,0.020827883,0.020304663,0.020699681,169.87105642542636,0
Jun-03-2020,0.021922994,0.022076475,0.020410961,0.020591945,233.69871036674394,0
Jun-02-2020,0.020695957,0.02191633,0.02040823,0.021910583,1232.471792318556,0
Jun-01-2020,0.024247888,0.025096126,0.019283412,0.020672409,745.5508330039386,0
May-31-2020,0.023344987,0.024256812,0.023269414,0.024247888,793.1256183907424,0
May-30-2020,0.024130747,0.024538917,0.023259432,0.023349106,789.6027604423011,0
May-29-2020,0.022149126,0.024130747,0.02200638,0.024130747,769.6491121254409,0
May-28-2020,0.022050771,0.022416224,0.021945699,0.022160273,733.8453519395813,0
May-27-2020,0.020902981,0.022060664,0.020623745,0.021998871,699.3093221654041,0
May-26-2020,0.020244327,0.020891867,0.020244327,0.020881348,681.1395903614308,0
May-25-2020,0.020302372,0.020615346,0.019935908,0.020244327,672.3131654059516,0
May-24-2020,0.020302372,0.020302372,0.020302372,0.020302372,2582.858126198,0
May-23-2020,0.020247821,0.020312693,0.020218758,0.020302372,2582.609688139673,0
May-22-2020,0.02058915,0.020906386,0.019946391,0.020270189,2203.6689768358915,0
May-21-2020,0.019456044,0.021144949,0.019271952,0.020565402,5471.364729619201,0
May-20-2020,0.02075752,0.021026121,0.019463732,0.019473687,4794.942953375366,0
May-19-2020,0.020534476,0.020792683,0.020001108,0.020746222,16414.250346295346,0
May-18-2020,0.020844322,0.020854432,0.020118412,0.020490874,4896.959194934415,0